CSVv2;OperatingPoint, measurementType, sysType, jetFlavor, etaMin, etaMax, ptMin, ptMax, discrMin, discrMax, formula 
0, comb, central, 1, -2.5, 2.5, 20, 1000, 0, 1, "0.986369+(-(4.21155e-05*(log(x+19)*(log(x+18)*(3-(-(6.02128*log(x+18))))))))" 
0, comb, central, 0, -2.5, 2.5, 20, 1000, 0, 1, "0.986369+(-(4.21155e-05*(log(x+19)*(log(x+18)*(3-(-(6.02128*log(x+18))))))))" 
0, comb, down, 1, -2.5, 2.5, 20, 30, 0, 1, "0.986369+((-(4.21155e-05*(log(x+19)*(log(x+18)*(3-(-(6.02128*log(x+18))))))))-0.088046833872795105)" 
0, comb, down, 1, -2.5, 2.5, 30, 50, 0, 1, "0.986369+((-(4.21155e-05*(log(x+19)*(log(x+18)*(3-(-(6.02128*log(x+18))))))))-0.031759314239025116)" 
0, comb, down, 1, -2.5, 2.5, 50, 70, 0, 1, "0.986369+((-(4.21155e-05*(log(x+19)*(log(x+18)*(3-(-(6.02128*log(x+18))))))))-0.028733458369970322)" 
0, comb, down, 1, -2.5, 2.5, 70, 100, 0, 1, "0.986369+((-(4.21155e-05*(log(x+19)*(log(x+18)*(3-(-(6.02128*log(x+18))))))))-0.029643714427947998)" 
0, comb, down, 1, -2.5, 2.5, 100, 140, 0, 1, "0.986369+((-(4.21155e-05*(log(x+19)*(log(x+18)*(3-(-(6.02128*log(x+18))))))))-0.031117210164666176)" 
0, comb, down, 1, -2.5, 2.5, 140, 200, 0, 1, "0.986369+((-(4.21155e-05*(log(x+19)*(log(x+18)*(3-(-(6.02128*log(x+18))))))))-0.03158024325966835)" 
0, comb, down, 1, -2.5, 2.5, 200, 300, 0, 1, "0.986369+((-(4.21155e-05*(log(x+19)*(log(x+18)*(3-(-(6.02128*log(x+18))))))))-0.047829270362854004)" 
0, comb, down, 1, -2.5, 2.5, 300, 600, 0, 1, "0.986369+((-(4.21155e-05*(log(x+19)*(log(x+18)*(3-(-(6.02128*log(x+18))))))))-0.0782204270362854)" 
0, comb, down, 1, -2.5, 2.5, 600, 1000, 0, 1, "0.986369+((-(4.21155e-05*(log(x+19)*(log(x+18)*(3-(-(6.02128*log(x+18))))))))-0.14947488903999329)" 
0, comb, down, 0, -2.5, 2.5, 20, 30, 0, 1, "0.986369+((-(4.21155e-05*(log(x+19)*(log(x+18)*(3-(-(6.02128*log(x+18))))))))-0.035218734294176102)" 
0, comb, down, 0, -2.5, 2.5, 30, 50, 0, 1, "0.986369+((-(4.21155e-05*(log(x+19)*(log(x+18)*(3-(-(6.02128*log(x+18))))))))-0.012703726068139076)" 
0, comb, down, 0, -2.5, 2.5, 50, 70, 0, 1, "0.986369+((-(4.21155e-05*(log(x+19)*(log(x+18)*(3-(-(6.02128*log(x+18))))))))-0.011493382975459099)" 
0, comb, down, 0, -2.5, 2.5, 70, 100, 0, 1, "0.986369+((-(4.21155e-05*(log(x+19)*(log(x+18)*(3-(-(6.02128*log(x+18))))))))-0.011857485398650169)" 
0, comb, down, 0, -2.5, 2.5, 100, 140, 0, 1, "0.986369+((-(4.21155e-05*(log(x+19)*(log(x+18)*(3-(-(6.02128*log(x+18))))))))-0.01244688406586647)" 
0, comb, down, 0, -2.5, 2.5, 140, 200, 0, 1, "0.986369+((-(4.21155e-05*(log(x+19)*(log(x+18)*(3-(-(6.02128*log(x+18))))))))-0.012632097117602825)" 
0, comb, down, 0, -2.5, 2.5, 200, 300, 0, 1, "0.986369+((-(4.21155e-05*(log(x+19)*(log(x+18)*(3-(-(6.02128*log(x+18))))))))-0.019131708890199661)" 
0, comb, down, 0, -2.5, 2.5, 300, 600, 0, 1, "0.986369+((-(4.21155e-05*(log(x+19)*(log(x+18)*(3-(-(6.02128*log(x+18))))))))-0.031288169324398041)" 
0, comb, down, 0, -2.5, 2.5, 600, 1000, 0, 1, "0.986369+((-(4.21155e-05*(log(x+19)*(log(x+18)*(3-(-(6.02128*log(x+18))))))))-0.059789955615997314)" 
0, comb, up, 1, -2.5, 2.5, 20, 30, 0, 1, "(0.986369+(-(4.21155e-05*(log(x+19)*(log(x+18)*(3-(-(6.02128*log(x+18)))))))))+0.088046833872795105" 
0, comb, up, 1, -2.5, 2.5, 30, 50, 0, 1, "(0.986369+(-(4.21155e-05*(log(x+19)*(log(x+18)*(3-(-(6.02128*log(x+18)))))))))+0.031759314239025116" 
0, comb, up, 1, -2.5, 2.5, 50, 70, 0, 1, "(0.986369+(-(4.21155e-05*(log(x+19)*(log(x+18)*(3-(-(6.02128*log(x+18)))))))))+0.028733458369970322" 
0, comb, up, 1, -2.5, 2.5, 70, 100, 0, 1, "(0.986369+(-(4.21155e-05*(log(x+19)*(log(x+18)*(3-(-(6.02128*log(x+18)))))))))+0.029643714427947998" 
0, comb, up, 1, -2.5, 2.5, 100, 140, 0, 1, "(0.986369+(-(4.21155e-05*(log(x+19)*(log(x+18)*(3-(-(6.02128*log(x+18)))))))))+0.031117210164666176" 
0, comb, up, 1, -2.5, 2.5, 140, 200, 0, 1, "(0.986369+(-(4.21155e-05*(log(x+19)*(log(x+18)*(3-(-(6.02128*log(x+18)))))))))+0.03158024325966835" 
0, comb, up, 1, -2.5, 2.5, 200, 300, 0, 1, "(0.986369+(-(4.21155e-05*(log(x+19)*(log(x+18)*(3-(-(6.02128*log(x+18)))))))))+0.047829270362854004" 
0, comb, up, 1, -2.5, 2.5, 300, 600, 0, 1, "(0.986369+(-(4.21155e-05*(log(x+19)*(log(x+18)*(3-(-(6.02128*log(x+18)))))))))+0.0782204270362854" 
0, comb, up, 1, -2.5, 2.5, 600, 1000, 0, 1, "(0.986369+(-(4.21155e-05*(log(x+19)*(log(x+18)*(3-(-(6.02128*log(x+18)))))))))+0.14947488903999329" 
0, comb, up, 0, -2.5, 2.5, 20, 30, 0, 1, "(0.986369+(-(4.21155e-05*(log(x+19)*(log(x+18)*(3-(-(6.02128*log(x+18)))))))))+0.035218734294176102" 
0, comb, up, 0, -2.5, 2.5, 30, 50, 0, 1, "(0.986369+(-(4.21155e-05*(log(x+19)*(log(x+18)*(3-(-(6.02128*log(x+18)))))))))+0.012703726068139076" 
0, comb, up, 0, -2.5, 2.5, 50, 70, 0, 1, "(0.986369+(-(4.21155e-05*(log(x+19)*(log(x+18)*(3-(-(6.02128*log(x+18)))))))))+0.011493382975459099" 
0, comb, up, 0, -2.5, 2.5, 70, 100, 0, 1, "(0.986369+(-(4.21155e-05*(log(x+19)*(log(x+18)*(3-(-(6.02128*log(x+18)))))))))+0.011857485398650169" 
0, comb, up, 0, -2.5, 2.5, 100, 140, 0, 1, "(0.986369+(-(4.21155e-05*(log(x+19)*(log(x+18)*(3-(-(6.02128*log(x+18)))))))))+0.01244688406586647" 
0, comb, up, 0, -2.5, 2.5, 140, 200, 0, 1, "(0.986369+(-(4.21155e-05*(log(x+19)*(log(x+18)*(3-(-(6.02128*log(x+18)))))))))+0.012632097117602825" 
0, comb, up, 0, -2.5, 2.5, 200, 300, 0, 1, "(0.986369+(-(4.21155e-05*(log(x+19)*(log(x+18)*(3-(-(6.02128*log(x+18)))))))))+0.019131708890199661" 
0, comb, up, 0, -2.5, 2.5, 300, 600, 0, 1, "(0.986369+(-(4.21155e-05*(log(x+19)*(log(x+18)*(3-(-(6.02128*log(x+18)))))))))+0.031288169324398041" 
0, comb, up, 0, -2.5, 2.5, 600, 1000, 0, 1, "(0.986369+(-(4.21155e-05*(log(x+19)*(log(x+18)*(3-(-(6.02128*log(x+18)))))))))+0.059789955615997314" 
0, mujets, central, 1, -2.5, 2.5, 20, 1000, 0, 1, "1.01454+(-(0.000570005*(log(x+19)*(log(x+18)*(3-(-(0.360097*log(x+18))))))))" 
0, mujets, central, 0, -2.5, 2.5, 20, 1000, 0, 1, "1.01454+(-(0.000570005*(log(x+19)*(log(x+18)*(3-(-(0.360097*log(x+18))))))))" 
0, mujets, down, 1, -2.5, 2.5, 20, 30, 0, 1, "1.01454+((-(0.000570005*(log(x+19)*(log(x+18)*(3-(-(0.360097*log(x+18))))))))-0.09337761253118515)" 
0, mujets, down, 1, -2.5, 2.5, 30, 50, 0, 1, "1.01454+((-(0.000570005*(log(x+19)*(log(x+18)*(3-(-(0.360097*log(x+18))))))))-0.036730833351612091)" 
0, mujets, down, 1, -2.5, 2.5, 50, 70, 0, 1, "1.01454+((-(0.000570005*(log(x+19)*(log(x+18)*(3-(-(0.360097*log(x+18))))))))-0.040865685790777206)" 
0, mujets, down, 1, -2.5, 2.5, 70, 100, 0, 1, "1.01454+((-(0.000570005*(log(x+19)*(log(x+18)*(3-(-(0.360097*log(x+18))))))))-0.047784827649593353)" 
0, mujets, down, 1, -2.5, 2.5, 100, 140, 0, 1, "1.01454+((-(0.000570005*(log(x+19)*(log(x+18)*(3-(-(0.360097*log(x+18))))))))-0.082794070243835449)" 
0, mujets, down, 1, -2.5, 2.5, 140, 200, 0, 1, "1.01454+((-(0.000570005*(log(x+19)*(log(x+18)*(3-(-(0.360097*log(x+18))))))))-0.13086187839508057)" 
0, mujets, down, 1, -2.5, 2.5, 200, 300, 0, 1, "1.01454+((-(0.000570005*(log(x+19)*(log(x+18)*(3-(-(0.360097*log(x+18))))))))-0.18196970224380493)" 
0, mujets, down, 1, -2.5, 2.5, 300, 600, 0, 1, "1.01454+((-(0.000570005*(log(x+19)*(log(x+18)*(3-(-(0.360097*log(x+18))))))))-0.12326750904321671)" 
0, mujets, down, 1, -2.5, 2.5, 600, 1000, 0, 1, "1.01454+((-(0.000570005*(log(x+19)*(log(x+18)*(3-(-(0.360097*log(x+18))))))))-0.14682178199291229)" 
0, mujets, down, 0, -2.5, 2.5, 20, 30, 0, 1, "1.01454+((-(0.000570005*(log(x+19)*(log(x+18)*(3-(-(0.360097*log(x+18))))))))-0.03735104575753212)" 
0, mujets, down, 0, -2.5, 2.5, 30, 50, 0, 1, "1.01454+((-(0.000570005*(log(x+19)*(log(x+18)*(3-(-(0.360097*log(x+18))))))))-0.014692332595586777)" 
0, mujets, down, 0, -2.5, 2.5, 50, 70, 0, 1, "1.01454+((-(0.000570005*(log(x+19)*(log(x+18)*(3-(-(0.360097*log(x+18))))))))-0.016346273943781853)" 
0, mujets, down, 0, -2.5, 2.5, 70, 100, 0, 1, "1.01454+((-(0.000570005*(log(x+19)*(log(x+18)*(3-(-(0.360097*log(x+18))))))))-0.019113931804895401)" 
0, mujets, down, 0, -2.5, 2.5, 100, 140, 0, 1, "1.01454+((-(0.000570005*(log(x+19)*(log(x+18)*(3-(-(0.360097*log(x+18))))))))-0.033117629587650299)" 
0, mujets, down, 0, -2.5, 2.5, 140, 200, 0, 1, "1.01454+((-(0.000570005*(log(x+19)*(log(x+18)*(3-(-(0.360097*log(x+18))))))))-0.052344750612974167)" 
0, mujets, down, 0, -2.5, 2.5, 200, 300, 0, 1, "1.01454+((-(0.000570005*(log(x+19)*(log(x+18)*(3-(-(0.360097*log(x+18))))))))-0.072787880897521973)" 
0, mujets, down, 0, -2.5, 2.5, 300, 600, 0, 1, "1.01454+((-(0.000570005*(log(x+19)*(log(x+18)*(3-(-(0.360097*log(x+18))))))))-0.049307003617286682)" 
0, mujets, down, 0, -2.5, 2.5, 600, 1000, 0, 1, "1.01454+((-(0.000570005*(log(x+19)*(log(x+18)*(3-(-(0.360097*log(x+18))))))))-0.058728713542222977)" 
0, mujets, up, 1, -2.5, 2.5, 20, 30, 0, 1, "(1.01454+(-(0.000570005*(log(x+19)*(log(x+18)*(3-(-(0.360097*log(x+18)))))))))+0.09337761253118515" 
0, mujets, up, 1, -2.5, 2.5, 30, 50, 0, 1, "(1.01454+(-(0.000570005*(log(x+19)*(log(x+18)*(3-(-(0.360097*log(x+18)))))))))+0.036730833351612091" 
0, mujets, up, 1, -2.5, 2.5, 50, 70, 0, 1, "(1.01454+(-(0.000570005*(log(x+19)*(log(x+18)*(3-(-(0.360097*log(x+18)))))))))+0.040865685790777206" 
0, mujets, up, 1, -2.5, 2.5, 70, 100, 0, 1, "(1.01454+(-(0.000570005*(log(x+19)*(log(x+18)*(3-(-(0.360097*log(x+18)))))))))+0.047784827649593353" 
0, mujets, up, 1, -2.5, 2.5, 100, 140, 0, 1, "(1.01454+(-(0.000570005*(log(x+19)*(log(x+18)*(3-(-(0.360097*log(x+18)))))))))+0.082794070243835449" 
0, mujets, up, 1, -2.5, 2.5, 140, 200, 0, 1, "(1.01454+(-(0.000570005*(log(x+19)*(log(x+18)*(3-(-(0.360097*log(x+18)))))))))+0.13086187839508057" 
0, mujets, up, 1, -2.5, 2.5, 200, 300, 0, 1, "(1.01454+(-(0.000570005*(log(x+19)*(log(x+18)*(3-(-(0.360097*log(x+18)))))))))+0.18196970224380493" 
0, mujets, up, 1, -2.5, 2.5, 300, 600, 0, 1, "(1.01454+(-(0.000570005*(log(x+19)*(log(x+18)*(3-(-(0.360097*log(x+18)))))))))+0.12326750904321671" 
0, mujets, up, 1, -2.5, 2.5, 600, 1000, 0, 1, "(1.01454+(-(0.000570005*(log(x+19)*(log(x+18)*(3-(-(0.360097*log(x+18)))))))))+0.14682178199291229" 
0, mujets, up, 0, -2.5, 2.5, 20, 30, 0, 1, "(1.01454+(-(0.000570005*(log(x+19)*(log(x+18)*(3-(-(0.360097*log(x+18)))))))))+0.03735104575753212" 
0, mujets, up, 0, -2.5, 2.5, 30, 50, 0, 1, "(1.01454+(-(0.000570005*(log(x+19)*(log(x+18)*(3-(-(0.360097*log(x+18)))))))))+0.014692332595586777" 
0, mujets, up, 0, -2.5, 2.5, 50, 70, 0, 1, "(1.01454+(-(0.000570005*(log(x+19)*(log(x+18)*(3-(-(0.360097*log(x+18)))))))))+0.016346273943781853" 
0, mujets, up, 0, -2.5, 2.5, 70, 100, 0, 1, "(1.01454+(-(0.000570005*(log(x+19)*(log(x+18)*(3-(-(0.360097*log(x+18)))))))))+0.019113931804895401" 
0, mujets, up, 0, -2.5, 2.5, 100, 140, 0, 1, "(1.01454+(-(0.000570005*(log(x+19)*(log(x+18)*(3-(-(0.360097*log(x+18)))))))))+0.033117629587650299" 
0, mujets, up, 0, -2.5, 2.5, 140, 200, 0, 1, "(1.01454+(-(0.000570005*(log(x+19)*(log(x+18)*(3-(-(0.360097*log(x+18)))))))))+0.052344750612974167" 
0, mujets, up, 0, -2.5, 2.5, 200, 300, 0, 1, "(1.01454+(-(0.000570005*(log(x+19)*(log(x+18)*(3-(-(0.360097*log(x+18)))))))))+0.072787880897521973" 
0, mujets, up, 0, -2.5, 2.5, 300, 600, 0, 1, "(1.01454+(-(0.000570005*(log(x+19)*(log(x+18)*(3-(-(0.360097*log(x+18)))))))))+0.049307003617286682" 
0, mujets, up, 0, -2.5, 2.5, 600, 1000, 0, 1, "(1.01454+(-(0.000570005*(log(x+19)*(log(x+18)*(3-(-(0.360097*log(x+18)))))))))+0.058728713542222977" 
1, comb, central, 1, -2.5, 2.5, 20, 1000, 0, 1, "1.09079*((1.+(0.180764*x))/(1.+(0.216797*x)))" 
1, comb, central, 0, -2.5, 2.5, 20, 1000, 0, 1, "1.09079*((1.+(0.180764*x))/(1.+(0.216797*x)))" 
1, comb, down, 1, -2.5, 2.5, 20, 30, 0, 1, "(1.09079*((1.+(0.180764*x))/(1.+(0.216797*x))))-0.14589560031890869" 
1, comb, down, 1, -2.5, 2.5, 30, 50, 0, 1, "(1.09079*((1.+(0.180764*x))/(1.+(0.216797*x))))-0.042189307510852814" 
1, comb, down, 1, -2.5, 2.5, 50, 70, 0, 1, "(1.09079*((1.+(0.180764*x))/(1.+(0.216797*x))))-0.040379554033279419" 
1, comb, down, 1, -2.5, 2.5, 70, 100, 0, 1, "(1.09079*((1.+(0.180764*x))/(1.+(0.216797*x))))-0.038113951683044434" 
1, comb, down, 1, -2.5, 2.5, 100, 140, 0, 1, "(1.09079*((1.+(0.180764*x))/(1.+(0.216797*x))))-0.043118208646774292" 
1, comb, down, 1, -2.5, 2.5, 140, 200, 0, 1, "(1.09079*((1.+(0.180764*x))/(1.+(0.216797*x))))-0.045257844030857086" 
1, comb, down, 1, -2.5, 2.5, 200, 300, 0, 1, "(1.09079*((1.+(0.180764*x))/(1.+(0.216797*x))))-0.10087831318378448" 
1, comb, down, 1, -2.5, 2.5, 300, 600, 0, 1, "(1.09079*((1.+(0.180764*x))/(1.+(0.216797*x))))-0.13596910238265991" 
1, comb, down, 1, -2.5, 2.5, 600, 1000, 0, 1, "(1.09079*((1.+(0.180764*x))/(1.+(0.216797*x))))-0.17518603801727295" 
1, comb, down, 0, -2.5, 2.5, 20, 30, 0, 1, "(1.09079*((1.+(0.180764*x))/(1.+(0.216797*x))))-0.048631865531206131" 
1, comb, down, 0, -2.5, 2.5, 30, 50, 0, 1, "(1.09079*((1.+(0.180764*x))/(1.+(0.216797*x))))-0.014063102193176746" 
1, comb, down, 0, -2.5, 2.5, 50, 70, 0, 1, "(1.09079*((1.+(0.180764*x))/(1.+(0.216797*x))))-0.013459851965308189" 
1, comb, down, 0, -2.5, 2.5, 70, 100, 0, 1, "(1.09079*((1.+(0.180764*x))/(1.+(0.216797*x))))-0.012704650871455669" 
1, comb, down, 0, -2.5, 2.5, 100, 140, 0, 1, "(1.09079*((1.+(0.180764*x))/(1.+(0.216797*x))))-0.014372736215591431" 
1, comb, down, 0, -2.5, 2.5, 140, 200, 0, 1, "(1.09079*((1.+(0.180764*x))/(1.+(0.216797*x))))-0.015085947699844837" 
1, comb, down, 0, -2.5, 2.5, 200, 300, 0, 1, "(1.09079*((1.+(0.180764*x))/(1.+(0.216797*x))))-0.033626105636358261" 
1, comb, down, 0, -2.5, 2.5, 300, 600, 0, 1, "(1.09079*((1.+(0.180764*x))/(1.+(0.216797*x))))-0.045323032885789871" 
1, comb, down, 0, -2.5, 2.5, 600, 1000, 0, 1, "(1.09079*((1.+(0.180764*x))/(1.+(0.216797*x))))-0.058395344763994217" 
1, comb, up, 1, -2.5, 2.5, 20, 30, 0, 1, "(1.09079*((1.+(0.180764*x))/(1.+(0.216797*x))))+0.14589560031890869" 
1, comb, up, 1, -2.5, 2.5, 30, 50, 0, 1, "(1.09079*((1.+(0.180764*x))/(1.+(0.216797*x))))+0.042189307510852814" 
1, comb, up, 1, -2.5, 2.5, 50, 70, 0, 1, "(1.09079*((1.+(0.180764*x))/(1.+(0.216797*x))))+0.040379554033279419" 
1, comb, up, 1, -2.5, 2.5, 70, 100, 0, 1, "(1.09079*((1.+(0.180764*x))/(1.+(0.216797*x))))+0.038113951683044434" 
1, comb, up, 1, -2.5, 2.5, 100, 140, 0, 1, "(1.09079*((1.+(0.180764*x))/(1.+(0.216797*x))))+0.043118208646774292" 
1, comb, up, 1, -2.5, 2.5, 140, 200, 0, 1, "(1.09079*((1.+(0.180764*x))/(1.+(0.216797*x))))+0.045257844030857086" 
1, comb, up, 1, -2.5, 2.5, 200, 300, 0, 1, "(1.09079*((1.+(0.180764*x))/(1.+(0.216797*x))))+0.10087831318378448" 
1, comb, up, 1, -2.5, 2.5, 300, 600, 0, 1, "(1.09079*((1.+(0.180764*x))/(1.+(0.216797*x))))+0.13596910238265991" 
1, comb, up, 1, -2.5, 2.5, 600, 1000, 0, 1, "(1.09079*((1.+(0.180764*x))/(1.+(0.216797*x))))+0.17518603801727295" 
1, comb, up, 0, -2.5, 2.5, 20, 30, 0, 1, "(1.09079*((1.+(0.180764*x))/(1.+(0.216797*x))))+0.048631865531206131" 
1, comb, up, 0, -2.5, 2.5, 30, 50, 0, 1, "(1.09079*((1.+(0.180764*x))/(1.+(0.216797*x))))+0.014063102193176746" 
1, comb, up, 0, -2.5, 2.5, 50, 70, 0, 1, "(1.09079*((1.+(0.180764*x))/(1.+(0.216797*x))))+0.013459851965308189" 
1, comb, up, 0, -2.5, 2.5, 70, 100, 0, 1, "(1.09079*((1.+(0.180764*x))/(1.+(0.216797*x))))+0.012704650871455669" 
1, comb, up, 0, -2.5, 2.5, 100, 140, 0, 1, "(1.09079*((1.+(0.180764*x))/(1.+(0.216797*x))))+0.014372736215591431" 
1, comb, up, 0, -2.5, 2.5, 140, 200, 0, 1, "(1.09079*((1.+(0.180764*x))/(1.+(0.216797*x))))+0.015085947699844837" 
1, comb, up, 0, -2.5, 2.5, 200, 300, 0, 1, "(1.09079*((1.+(0.180764*x))/(1.+(0.216797*x))))+0.033626105636358261" 
1, comb, up, 0, -2.5, 2.5, 300, 600, 0, 1, "(1.09079*((1.+(0.180764*x))/(1.+(0.216797*x))))+0.045323032885789871" 
1, comb, up, 0, -2.5, 2.5, 600, 1000, 0, 1, "(1.09079*((1.+(0.180764*x))/(1.+(0.216797*x))))+0.058395344763994217" 
1, mujets, central, 1, -2.5, 2.5, 20, 1000, 0, 1, "0.941966*((1.+(0.0241018*x))/(1.+(0.0248776*x)))" 
1, mujets, central, 0, -2.5, 2.5, 20, 1000, 0, 1, "0.941966*((1.+(0.0241018*x))/(1.+(0.0248776*x)))" 
1, mujets, down, 1, -2.5, 2.5, 20, 30, 0, 1, "(0.941966*((1.+(0.0241018*x))/(1.+(0.0248776*x))))-0.15458837151527405" 
1, mujets, down, 1, -2.5, 2.5, 30, 50, 0, 1, "(0.941966*((1.+(0.0241018*x))/(1.+(0.0248776*x))))-0.053015593439340591" 
1, mujets, down, 1, -2.5, 2.5, 50, 70, 0, 1, "(0.941966*((1.+(0.0241018*x))/(1.+(0.0248776*x))))-0.066919900476932526" 
1, mujets, down, 1, -2.5, 2.5, 70, 100, 0, 1, "(0.941966*((1.+(0.0241018*x))/(1.+(0.0248776*x))))-0.069126777350902557" 
1, mujets, down, 1, -2.5, 2.5, 100, 140, 0, 1, "(0.941966*((1.+(0.0241018*x))/(1.+(0.0248776*x))))-0.11898474395275116" 
1, mujets, down, 1, -2.5, 2.5, 140, 200, 0, 1, "(0.941966*((1.+(0.0241018*x))/(1.+(0.0248776*x))))-0.18454445898532867" 
1, mujets, down, 1, -2.5, 2.5, 200, 300, 0, 1, "(0.941966*((1.+(0.0241018*x))/(1.+(0.0248776*x))))-0.21305495500564575" 
1, mujets, down, 1, -2.5, 2.5, 300, 600, 0, 1, "(0.941966*((1.+(0.0241018*x))/(1.+(0.0248776*x))))-0.16250903904438019" 
1, mujets, down, 1, -2.5, 2.5, 600, 1000, 0, 1, "(0.941966*((1.+(0.0241018*x))/(1.+(0.0248776*x))))-0.18902692198753357" 
1, mujets, down, 0, -2.5, 2.5, 20, 30, 0, 1, "(0.941966*((1.+(0.0241018*x))/(1.+(0.0248776*x))))-0.051529459655284882" 
1, mujets, down, 0, -2.5, 2.5, 30, 50, 0, 1, "(0.941966*((1.+(0.0241018*x))/(1.+(0.0248776*x))))-0.017671864479780197" 
1, mujets, down, 0, -2.5, 2.5, 50, 70, 0, 1, "(0.941966*((1.+(0.0241018*x))/(1.+(0.0248776*x))))-0.022306634113192558" 
1, mujets, down, 0, -2.5, 2.5, 70, 100, 0, 1, "(0.941966*((1.+(0.0241018*x))/(1.+(0.0248776*x))))-0.023042259737849236" 
1, mujets, down, 0, -2.5, 2.5, 100, 140, 0, 1, "(0.941966*((1.+(0.0241018*x))/(1.+(0.0248776*x))))-0.039661582559347153" 
1, mujets, down, 0, -2.5, 2.5, 140, 200, 0, 1, "(0.941966*((1.+(0.0241018*x))/(1.+(0.0248776*x))))-0.061514820903539658" 
1, mujets, down, 0, -2.5, 2.5, 200, 300, 0, 1, "(0.941966*((1.+(0.0241018*x))/(1.+(0.0248776*x))))-0.071018315851688385" 
1, mujets, down, 0, -2.5, 2.5, 300, 600, 0, 1, "(0.941966*((1.+(0.0241018*x))/(1.+(0.0248776*x))))-0.054169680923223495" 
1, mujets, down, 0, -2.5, 2.5, 600, 1000, 0, 1, "(0.941966*((1.+(0.0241018*x))/(1.+(0.0248776*x))))-0.063008971512317657" 
1, mujets, up, 1, -2.5, 2.5, 20, 30, 0, 1, "(0.941966*((1.+(0.0241018*x))/(1.+(0.0248776*x))))+0.15458837151527405" 
1, mujets, up, 1, -2.5, 2.5, 30, 50, 0, 1, "(0.941966*((1.+(0.0241018*x))/(1.+(0.0248776*x))))+0.053015593439340591" 
1, mujets, up, 1, -2.5, 2.5, 50, 70, 0, 1, "(0.941966*((1.+(0.0241018*x))/(1.+(0.0248776*x))))+0.066919900476932526" 
1, mujets, up, 1, -2.5, 2.5, 70, 100, 0, 1, "(0.941966*((1.+(0.0241018*x))/(1.+(0.0248776*x))))+0.069126777350902557" 
1, mujets, up, 1, -2.5, 2.5, 100, 140, 0, 1, "(0.941966*((1.+(0.0241018*x))/(1.+(0.0248776*x))))+0.11898474395275116" 
1, mujets, up, 1, -2.5, 2.5, 140, 200, 0, 1, "(0.941966*((1.+(0.0241018*x))/(1.+(0.0248776*x))))+0.18454445898532867" 
1, mujets, up, 1, -2.5, 2.5, 200, 300, 0, 1, "(0.941966*((1.+(0.0241018*x))/(1.+(0.0248776*x))))+0.21305495500564575" 
1, mujets, up, 1, -2.5, 2.5, 300, 600, 0, 1, "(0.941966*((1.+(0.0241018*x))/(1.+(0.0248776*x))))+0.16250903904438019" 
1, mujets, up, 1, -2.5, 2.5, 600, 1000, 0, 1, "(0.941966*((1.+(0.0241018*x))/(1.+(0.0248776*x))))+0.18902692198753357" 
1, mujets, up, 0, -2.5, 2.5, 20, 30, 0, 1, "(0.941966*((1.+(0.0241018*x))/(1.+(0.0248776*x))))+0.051529459655284882" 
1, mujets, up, 0, -2.5, 2.5, 30, 50, 0, 1, "(0.941966*((1.+(0.0241018*x))/(1.+(0.0248776*x))))+0.017671864479780197" 
1, mujets, up, 0, -2.5, 2.5, 50, 70, 0, 1, "(0.941966*((1.+(0.0241018*x))/(1.+(0.0248776*x))))+0.022306634113192558" 
1, mujets, up, 0, -2.5, 2.5, 70, 100, 0, 1, "(0.941966*((1.+(0.0241018*x))/(1.+(0.0248776*x))))+0.023042259737849236" 
1, mujets, up, 0, -2.5, 2.5, 100, 140, 0, 1, "(0.941966*((1.+(0.0241018*x))/(1.+(0.0248776*x))))+0.039661582559347153" 
1, mujets, up, 0, -2.5, 2.5, 140, 200, 0, 1, "(0.941966*((1.+(0.0241018*x))/(1.+(0.0248776*x))))+0.061514820903539658" 
1, mujets, up, 0, -2.5, 2.5, 200, 300, 0, 1, "(0.941966*((1.+(0.0241018*x))/(1.+(0.0248776*x))))+0.071018315851688385" 
1, mujets, up, 0, -2.5, 2.5, 300, 600, 0, 1, "(0.941966*((1.+(0.0241018*x))/(1.+(0.0248776*x))))+0.054169680923223495" 
1, mujets, up, 0, -2.5, 2.5, 600, 1000, 0, 1, "(0.941966*((1.+(0.0241018*x))/(1.+(0.0248776*x))))+0.063008971512317657" 
2, comb, central, 1, -2.5, 2.5, 20, 1000, 0, 1, "0.91423*((1.+(0.00958053*x))/(1.+(0.010132*x)))" 
2, comb, central, 0, -2.5, 2.5, 20, 1000, 0, 1, "0.91423*((1.+(0.00958053*x))/(1.+(0.010132*x)))" 
2, comb, down, 1, -2.5, 2.5, 20, 30, 0, 1, "(0.91423*((1.+(0.00958053*x))/(1.+(0.010132*x))))-0.1537763923406601" 
2, comb, down, 1, -2.5, 2.5, 30, 50, 0, 1, "(0.91423*((1.+(0.00958053*x))/(1.+(0.010132*x))))-0.050705436617136002" 
2, comb, down, 1, -2.5, 2.5, 50, 70, 0, 1, "(0.91423*((1.+(0.00958053*x))/(1.+(0.010132*x))))-0.057414546608924866" 
2, comb, down, 1, -2.5, 2.5, 70, 100, 0, 1, "(0.91423*((1.+(0.00958053*x))/(1.+(0.010132*x))))-0.052904844284057617" 
2, comb, down, 1, -2.5, 2.5, 100, 140, 0, 1, "(0.91423*((1.+(0.00958053*x))/(1.+(0.010132*x))))-0.05942951887845993" 
2, comb, down, 1, -2.5, 2.5, 140, 200, 0, 1, "(0.91423*((1.+(0.00958053*x))/(1.+(0.010132*x))))-0.075208760797977448" 
2, comb, down, 1, -2.5, 2.5, 200, 300, 0, 1, "(0.91423*((1.+(0.00958053*x))/(1.+(0.010132*x))))-0.12805105745792389" 
2, comb, down, 1, -2.5, 2.5, 300, 600, 0, 1, "(0.91423*((1.+(0.00958053*x))/(1.+(0.010132*x))))-0.14711466431617737" 
2, comb, down, 1, -2.5, 2.5, 600, 1000, 0, 1, "(0.91423*((1.+(0.00958053*x))/(1.+(0.010132*x))))-0.19650924205780029" 
2, comb, down, 0, -2.5, 2.5, 20, 30, 0, 1, "(0.91423*((1.+(0.00958053*x))/(1.+(0.010132*x))))-0.043936111032962799" 
2, comb, down, 0, -2.5, 2.5, 30, 50, 0, 1, "(0.91423*((1.+(0.00958053*x))/(1.+(0.010132*x))))-0.014487267471849918" 
2, comb, down, 0, -2.5, 2.5, 50, 70, 0, 1, "(0.91423*((1.+(0.00958053*x))/(1.+(0.010132*x))))-0.016404155641794205" 
2, comb, down, 0, -2.5, 2.5, 70, 100, 0, 1, "(0.91423*((1.+(0.00958053*x))/(1.+(0.010132*x))))-0.015115669928491116" 
2, comb, down, 0, -2.5, 2.5, 100, 140, 0, 1, "(0.91423*((1.+(0.00958053*x))/(1.+(0.010132*x))))-0.016979862004518509" 
2, comb, down, 0, -2.5, 2.5, 140, 200, 0, 1, "(0.91423*((1.+(0.00958053*x))/(1.+(0.010132*x))))-0.021488217636942863" 
2, comb, down, 0, -2.5, 2.5, 200, 300, 0, 1, "(0.91423*((1.+(0.00958053*x))/(1.+(0.010132*x))))-0.036586016416549683" 
2, comb, down, 0, -2.5, 2.5, 300, 600, 0, 1, "(0.91423*((1.+(0.00958053*x))/(1.+(0.010132*x))))-0.042032759636640549" 
2, comb, down, 0, -2.5, 2.5, 600, 1000, 0, 1, "(0.91423*((1.+(0.00958053*x))/(1.+(0.010132*x))))-0.056145496666431427" 
2, comb, up, 1, -2.5, 2.5, 20, 30, 0, 1, "(0.91423*((1.+(0.00958053*x))/(1.+(0.010132*x))))+0.1537763923406601" 
2, comb, up, 1, -2.5, 2.5, 30, 50, 0, 1, "(0.91423*((1.+(0.00958053*x))/(1.+(0.010132*x))))+0.050705436617136002" 
2, comb, up, 1, -2.5, 2.5, 50, 70, 0, 1, "(0.91423*((1.+(0.00958053*x))/(1.+(0.010132*x))))+0.057414546608924866" 
2, comb, up, 1, -2.5, 2.5, 70, 100, 0, 1, "(0.91423*((1.+(0.00958053*x))/(1.+(0.010132*x))))+0.052904844284057617" 
2, comb, up, 1, -2.5, 2.5, 100, 140, 0, 1, "(0.91423*((1.+(0.00958053*x))/(1.+(0.010132*x))))+0.05942951887845993" 
2, comb, up, 1, -2.5, 2.5, 140, 200, 0, 1, "(0.91423*((1.+(0.00958053*x))/(1.+(0.010132*x))))+0.075208760797977448" 
2, comb, up, 1, -2.5, 2.5, 200, 300, 0, 1, "(0.91423*((1.+(0.00958053*x))/(1.+(0.010132*x))))+0.12805105745792389" 
2, comb, up, 1, -2.5, 2.5, 300, 600, 0, 1, "(0.91423*((1.+(0.00958053*x))/(1.+(0.010132*x))))+0.14711466431617737" 
2, comb, up, 1, -2.5, 2.5, 600, 1000, 0, 1, "(0.91423*((1.+(0.00958053*x))/(1.+(0.010132*x))))+0.19650924205780029" 
2, comb, up, 0, -2.5, 2.5, 20, 30, 0, 1, "(0.91423*((1.+(0.00958053*x))/(1.+(0.010132*x))))+0.043936111032962799" 
2, comb, up, 0, -2.5, 2.5, 30, 50, 0, 1, "(0.91423*((1.+(0.00958053*x))/(1.+(0.010132*x))))+0.014487267471849918" 
2, comb, up, 0, -2.5, 2.5, 50, 70, 0, 1, "(0.91423*((1.+(0.00958053*x))/(1.+(0.010132*x))))+0.016404155641794205" 
2, comb, up, 0, -2.5, 2.5, 70, 100, 0, 1, "(0.91423*((1.+(0.00958053*x))/(1.+(0.010132*x))))+0.015115669928491116" 
2, comb, up, 0, -2.5, 2.5, 100, 140, 0, 1, "(0.91423*((1.+(0.00958053*x))/(1.+(0.010132*x))))+0.016979862004518509" 
2, comb, up, 0, -2.5, 2.5, 140, 200, 0, 1, "(0.91423*((1.+(0.00958053*x))/(1.+(0.010132*x))))+0.021488217636942863" 
2, comb, up, 0, -2.5, 2.5, 200, 300, 0, 1, "(0.91423*((1.+(0.00958053*x))/(1.+(0.010132*x))))+0.036586016416549683" 
2, comb, up, 0, -2.5, 2.5, 300, 600, 0, 1, "(0.91423*((1.+(0.00958053*x))/(1.+(0.010132*x))))+0.042032759636640549" 
2, comb, up, 0, -2.5, 2.5, 600, 1000, 0, 1, "(0.91423*((1.+(0.00958053*x))/(1.+(0.010132*x))))+0.056145496666431427" 
2, mujets, central, 1, -2.5, 2.5, 20, 1000, 0, 1, "0.975691*((1.+(0.0455387*x))/(1.+(0.0533201*x)))" 
2, mujets, central, 0, -2.5, 2.5, 20, 1000, 0, 1, "0.975691*((1.+(0.0455387*x))/(1.+(0.0533201*x)))" 
2, mujets, down, 1, -2.5, 2.5, 20, 30, 0, 1, "(0.975691*((1.+(0.0455387*x))/(1.+(0.0533201*x))))-0.17193958163261414" 
2, mujets, down, 1, -2.5, 2.5, 30, 50, 0, 1, "(0.975691*((1.+(0.0455387*x))/(1.+(0.0533201*x))))-0.063078433275222778" 
2, mujets, down, 1, -2.5, 2.5, 50, 70, 0, 1, "(0.975691*((1.+(0.0455387*x))/(1.+(0.0533201*x))))-0.10936954617500305" 
2, mujets, down, 1, -2.5, 2.5, 70, 100, 0, 1, "(0.975691*((1.+(0.0455387*x))/(1.+(0.0533201*x))))-0.095126628875732422" 
2, mujets, down, 1, -2.5, 2.5, 100, 140, 0, 1, "(0.975691*((1.+(0.0455387*x))/(1.+(0.0533201*x))))-0.18524777889251709" 
2, mujets, down, 1, -2.5, 2.5, 140, 200, 0, 1, "(0.975691*((1.+(0.0455387*x))/(1.+(0.0533201*x))))-0.20483848452568054" 
2, mujets, down, 1, -2.5, 2.5, 200, 300, 0, 1, "(0.975691*((1.+(0.0455387*x))/(1.+(0.0533201*x))))-0.21537494659423828" 
2, mujets, down, 1, -2.5, 2.5, 300, 600, 0, 1, "(0.975691*((1.+(0.0455387*x))/(1.+(0.0533201*x))))-0.16189232468605042" 
2, mujets, down, 1, -2.5, 2.5, 600, 1000, 0, 1, "(0.975691*((1.+(0.0455387*x))/(1.+(0.0533201*x))))-0.20479178428649902" 
2, mujets, down, 0, -2.5, 2.5, 20, 30, 0, 1, "(0.975691*((1.+(0.0455387*x))/(1.+(0.0533201*x))))-0.049125596880912781" 
2, mujets, down, 0, -2.5, 2.5, 30, 50, 0, 1, "(0.975691*((1.+(0.0455387*x))/(1.+(0.0533201*x))))-0.018022408708930016" 
2, mujets, down, 0, -2.5, 2.5, 50, 70, 0, 1, "(0.975691*((1.+(0.0455387*x))/(1.+(0.0533201*x))))-0.031248442828655243" 
2, mujets, down, 0, -2.5, 2.5, 70, 100, 0, 1, "(0.975691*((1.+(0.0455387*x))/(1.+(0.0533201*x))))-0.027179036289453506" 
2, mujets, down, 0, -2.5, 2.5, 100, 140, 0, 1, "(0.975691*((1.+(0.0455387*x))/(1.+(0.0533201*x))))-0.052927937358617783" 
2, mujets, down, 0, -2.5, 2.5, 140, 200, 0, 1, "(0.975691*((1.+(0.0455387*x))/(1.+(0.0533201*x))))-0.058525282889604568" 
2, mujets, down, 0, -2.5, 2.5, 200, 300, 0, 1, "(0.975691*((1.+(0.0455387*x))/(1.+(0.0533201*x))))-0.061535697430372238" 
2, mujets, down, 0, -2.5, 2.5, 300, 600, 0, 1, "(0.975691*((1.+(0.0455387*x))/(1.+(0.0533201*x))))-0.046254947781562805" 
2, mujets, down, 0, -2.5, 2.5, 600, 1000, 0, 1, "(0.975691*((1.+(0.0455387*x))/(1.+(0.0533201*x))))-0.058511938899755478" 
2, mujets, up, 1, -2.5, 2.5, 20, 30, 0, 1, "(0.975691*((1.+(0.0455387*x))/(1.+(0.0533201*x))))+0.17193958163261414" 
2, mujets, up, 1, -2.5, 2.5, 30, 50, 0, 1, "(0.975691*((1.+(0.0455387*x))/(1.+(0.0533201*x))))+0.063078433275222778" 
2, mujets, up, 1, -2.5, 2.5, 50, 70, 0, 1, "(0.975691*((1.+(0.0455387*x))/(1.+(0.0533201*x))))+0.10936954617500305" 
2, mujets, up, 1, -2.5, 2.5, 70, 100, 0, 1, "(0.975691*((1.+(0.0455387*x))/(1.+(0.0533201*x))))+0.095126628875732422" 
2, mujets, up, 1, -2.5, 2.5, 100, 140, 0, 1, "(0.975691*((1.+(0.0455387*x))/(1.+(0.0533201*x))))+0.18524777889251709" 
2, mujets, up, 1, -2.5, 2.5, 140, 200, 0, 1, "(0.975691*((1.+(0.0455387*x))/(1.+(0.0533201*x))))+0.20483848452568054" 
2, mujets, up, 1, -2.5, 2.5, 200, 300, 0, 1, "(0.975691*((1.+(0.0455387*x))/(1.+(0.0533201*x))))+0.21537494659423828" 
2, mujets, up, 1, -2.5, 2.5, 300, 600, 0, 1, "(0.975691*((1.+(0.0455387*x))/(1.+(0.0533201*x))))+0.16189232468605042" 
2, mujets, up, 1, -2.5, 2.5, 600, 1000, 0, 1, "(0.975691*((1.+(0.0455387*x))/(1.+(0.0533201*x))))+0.20479178428649902" 
2, mujets, up, 0, -2.5, 2.5, 20, 30, 0, 1, "(0.975691*((1.+(0.0455387*x))/(1.+(0.0533201*x))))+0.049125596880912781" 
2, mujets, up, 0, -2.5, 2.5, 30, 50, 0, 1, "(0.975691*((1.+(0.0455387*x))/(1.+(0.0533201*x))))+0.018022408708930016" 
2, mujets, up, 0, -2.5, 2.5, 50, 70, 0, 1, "(0.975691*((1.+(0.0455387*x))/(1.+(0.0533201*x))))+0.031248442828655243" 
2, mujets, up, 0, -2.5, 2.5, 70, 100, 0, 1, "(0.975691*((1.+(0.0455387*x))/(1.+(0.0533201*x))))+0.027179036289453506" 
2, mujets, up, 0, -2.5, 2.5, 100, 140, 0, 1, "(0.975691*((1.+(0.0455387*x))/(1.+(0.0533201*x))))+0.052927937358617783" 
2, mujets, up, 0, -2.5, 2.5, 140, 200, 0, 1, "(0.975691*((1.+(0.0455387*x))/(1.+(0.0533201*x))))+0.058525282889604568" 
2, mujets, up, 0, -2.5, 2.5, 200, 300, 0, 1, "(0.975691*((1.+(0.0455387*x))/(1.+(0.0533201*x))))+0.061535697430372238" 
2, mujets, up, 0, -2.5, 2.5, 300, 600, 0, 1, "(0.975691*((1.+(0.0455387*x))/(1.+(0.0533201*x))))+0.046254947781562805" 
2, mujets, up, 0, -2.5, 2.5, 600, 1000, 0, 1, "(0.975691*((1.+(0.0455387*x))/(1.+(0.0533201*x))))+0.058511938899755478" 
0, incl, central, 2, 0, 2.5, 20, 1000, 0, 1, "0.948763+0.000459508*x+-2.36079e-07*x*x+4.13462/x" 
0, incl, down, 2, 0, 2.5, 20, 1000, 0, 1, "(0.948763+0.000459508*x+-2.36079e-07*x*x+4.13462/x)*(1-(0.0799901+-1.32939e-06*x+-1.72049e-09*x*x))" 
0, incl, down_correlated, 2, 0, 2.5, 20, 1000, 0, 1, "(0.948763+0.000459508*x+-2.36079e-07*x*x+4.13462/x)*(1-(0.0676111+6.86045e-07*x+-4.29739e-09*x*x))" 
0, incl, down_uncorrelated, 2, 0, 2.5, 20, 1000, 0, 1, "(0.948763+0.000459508*x+-2.36079e-07*x*x+4.13462/x)*(1-(0.0417174))" 
0, incl, up, 2, 0, 2.5, 20, 1000, 0, 1, "(0.948763+0.000459508*x+-2.36079e-07*x*x+4.13462/x)*(1+(0.0799901+-1.32939e-06*x+-1.72049e-09*x*x))" 
0, incl, up_correlated, 2, 0, 2.5, 20, 1000, 0, 1, "(0.948763+0.000459508*x+-2.36079e-07*x*x+4.13462/x)*(1+(0.0676111+6.86045e-07*x+-4.29739e-09*x*x))" 
0, incl, up_uncorrelated, 2, 0, 2.5, 20, 1000, 0, 1, "(0.948763+0.000459508*x+-2.36079e-07*x*x+4.13462/x)*(1+(0.0417174))" 
1, incl, central, 2, 0, 2.5, 20, 1000, 0, 1, "0.949449+0.000516201*x+7.13398e-08*x*x+-3.55644e-10*x*x*x" 
1, incl, down, 2, 0, 2.5, 20, 1000, 0, 1, "(0.949449+0.000516201*x+7.13398e-08*x*x+-3.55644e-10*x*x*x)*(1-(0.115123+0.000153114*x+-1.72111e-07*x*x))" 
1, incl, down_correlated, 2, 0, 2.5, 20, 1000, 0, 1, "(0.949449+0.000516201*x+7.13398e-08*x*x+-3.55644e-10*x*x*x)*(1-(0.0812896+0.00019305*x+-2.1446e-07*x*x))" 
1, incl, down_uncorrelated, 2, 0, 2.5, 20, 1000, 0, 1, "(0.949449+0.000516201*x+7.13398e-08*x*x+-3.55644e-10*x*x*x)*(1-(0.082197))" 
1, incl, up, 2, 0, 2.5, 20, 1000, 0, 1, "(0.949449+0.000516201*x+7.13398e-08*x*x+-3.55644e-10*x*x*x)*(1+(0.115123+0.000153114*x+-1.72111e-07*x*x))" 
1, incl, up_correlated, 2, 0, 2.5, 20, 1000, 0, 1, "(0.949449+0.000516201*x+7.13398e-08*x*x+-3.55644e-10*x*x*x)*(1+(0.0812896+0.00019305*x+-2.1446e-07*x*x))" 
1, incl, up_uncorrelated, 2, 0, 2.5, 20, 1000, 0, 1, "(0.949449+0.000516201*x+7.13398e-08*x*x+-3.55644e-10*x*x*x)*(1+(0.082197))" 
2, incl, central, 2, 0, 2.5, 20, 1000, 0, 1, "0.943355+8.95816/(x*x)+0.000240703*x" 
2, incl, down, 2, 0, 2.5, 20, 1000, 0, 1, "(0.943355+8.95816/(x*x)+0.000240703*x)*(1-(0.328059+-0.000156486*x+3.52282e-07*x*x))" 
2, incl, down_correlated, 2, 0, 2.5, 20, 1000, 0, 1, "(0.943355+8.95816/(x*x)+0.000240703*x)*(1-(0.245861+-0.000233379*x+4.41185e-07*x*x))" 
2, incl, down_uncorrelated, 2, 0, 2.5, 20, 1000, 0, 1, "(0.943355+8.95816/(x*x)+0.000240703*x)*(1-(0.223533))" 
2, incl, up, 2, 0, 2.5, 20, 1000, 0, 1, "(0.943355+8.95816/(x*x)+0.000240703*x)*(1+(0.328059+-0.000156486*x+3.52282e-07*x*x))" 
2, incl, up_correlated, 2, 0, 2.5, 20, 1000, 0, 1, "(0.943355+8.95816/(x*x)+0.000240703*x)*(1+(0.245861+-0.000233379*x+4.41185e-07*x*x))" 
2, incl, up_uncorrelated, 2, 0, 2.5, 20, 1000, 0, 1, "(0.943355+8.95816/(x*x)+0.000240703*x)*(1+(0.223533))" 
