DeepJet;OperatingPoint, measurementType, sysType, jetFlavor, etaMin, etaMax, ptMin, ptMax, discrMin, discrMax, formula 
0, comb, central, 1, -2.5, 2.5, 20, 1000, 0, 1, "0.932752+0.00200952*log(x+19)*log(x+18)*(3-0.365892*log(x+18))" 
0, comb, central, 0, -2.5, 2.5, 20, 1000, 0, 1, "0.932752+0.00200952*log(x+19)*log(x+18)*(3-0.365892*log(x+18))" 
0, comb, down, 1, -2.5, 2.5, 20, 30, 0, 1, "0.932752+0.00200952*log(x+19)*log(x+18)*(3-0.365892*log(x+18))-0.054521717131137848" 
0, comb, down, 1, -2.5, 2.5, 30, 50, 0, 1, "0.932752+0.00200952*log(x+19)*log(x+18)*(3-0.365892*log(x+18))-0.016713488847017288" 
0, comb, down, 1, -2.5, 2.5, 50, 70, 0, 1, "0.932752+0.00200952*log(x+19)*log(x+18)*(3-0.365892*log(x+18))-0.024431154131889343" 
0, comb, down, 1, -2.5, 2.5, 70, 100, 0, 1, "0.932752+0.00200952*log(x+19)*log(x+18)*(3-0.365892*log(x+18))-0.03021634928882122" 
0, comb, down, 1, -2.5, 2.5, 100, 140, 0, 1, "0.932752+0.00200952*log(x+19)*log(x+18)*(3-0.365892*log(x+18))-0.024482157081365585" 
0, comb, down, 1, -2.5, 2.5, 140, 200, 0, 1, "0.932752+0.00200952*log(x+19)*log(x+18)*(3-0.365892*log(x+18))-0.025664824992418289" 
0, comb, down, 1, -2.5, 2.5, 200, 300, 0, 1, "0.932752+0.00200952*log(x+19)*log(x+18)*(3-0.365892*log(x+18))-0.13388586044311523" 
0, comb, down, 1, -2.5, 2.5, 300, 600, 0, 1, "0.932752+0.00200952*log(x+19)*log(x+18)*(3-0.365892*log(x+18))-0.075516723096370697" 
0, comb, down, 1, -2.5, 2.5, 600, 1000, 0, 1, "0.932752+0.00200952*log(x+19)*log(x+18)*(3-0.365892*log(x+18))-0.19868740439414978" 
0, comb, down, 0, -2.5, 2.5, 20, 30, 0, 1, "0.932752+0.00200952*log(x+19)*log(x+18)*(3-0.365892*log(x+18))-0.021808687597513199" 
0, comb, down, 0, -2.5, 2.5, 30, 50, 0, 1, "0.932752+0.00200952*log(x+19)*log(x+18)*(3-0.365892*log(x+18))-0.0066853957250714302" 
0, comb, down, 0, -2.5, 2.5, 50, 70, 0, 1, "0.932752+0.00200952*log(x+19)*log(x+18)*(3-0.365892*log(x+18))-0.0097724618390202522" 
0, comb, down, 0, -2.5, 2.5, 70, 100, 0, 1, "0.932752+0.00200952*log(x+19)*log(x+18)*(3-0.365892*log(x+18))-0.012086539529263973" 
0, comb, down, 0, -2.5, 2.5, 100, 140, 0, 1, "0.932752+0.00200952*log(x+19)*log(x+18)*(3-0.365892*log(x+18))-0.0097928624600172043" 
0, comb, down, 0, -2.5, 2.5, 140, 200, 0, 1, "0.932752+0.00200952*log(x+19)*log(x+18)*(3-0.365892*log(x+18))-0.010265929624438286" 
0, comb, down, 0, -2.5, 2.5, 200, 300, 0, 1, "0.932752+0.00200952*log(x+19)*log(x+18)*(3-0.365892*log(x+18))-0.053554344922304153" 
0, comb, down, 0, -2.5, 2.5, 300, 600, 0, 1, "0.932752+0.00200952*log(x+19)*log(x+18)*(3-0.365892*log(x+18))-0.030206689611077309" 
0, comb, down, 0, -2.5, 2.5, 600, 1000, 0, 1, "0.932752+0.00200952*log(x+19)*log(x+18)*(3-0.365892*log(x+18))-0.079474963247776031" 
0, comb, down_correlated, 1, -2.5, 2.5, 100, 140, 0, 1, "0.932752+0.00200952*log(x+19)*log(x+18)*(3-0.365892*log(x+18))-0.00661851727828" 
0, comb, down_correlated, 1, -2.5, 2.5, 70, 100, 0, 1, "0.932752+0.00200952*log(x+19)*log(x+18)*(3-0.365892*log(x+18))-0.0179857329003" 
0, comb, down_correlated, 1, -2.5, 2.5, 200, 300, 0, 1, "0.932752+0.00200952*log(x+19)*log(x+18)*(3-0.365892*log(x+18))-0.128701375981" 
0, comb, down_correlated, 1, -2.5, 2.5, 300, 600, 0, 1, "0.932752+0.00200952*log(x+19)*log(x+18)*(3-0.365892*log(x+18))-0.060087280691" 
0, comb, down_correlated, 1, -2.5, 2.5, 140, 200, 0, 1, "0.932752+0.00200952*log(x+19)*log(x+18)*(3-0.365892*log(x+18))-0.00605740223588" 
0, comb, down_correlated, 1, -2.5, 2.5, 50, 70, 0, 1, "0.932752+0.00200952*log(x+19)*log(x+18)*(3-0.365892*log(x+18))-0.0192642856842" 
0, comb, down_correlated, 1, -2.5, 2.5, 20, 30, 0, 1, "0.932752+0.00200952*log(x+19)*log(x+18)*(3-0.365892*log(x+18))-0.0466762614363" 
0, comb, down_correlated, 1, -2.5, 2.5, 600, 1000, 0, 1, "0.932752+0.00200952*log(x+19)*log(x+18)*(3-0.365892*log(x+18))-0.0962514093264" 
0, comb, down_correlated, 1, -2.5, 2.5, 30, 50, 0, 1, "0.932752+0.00200952*log(x+19)*log(x+18)*(3-0.365892*log(x+18))-0.0142801043013" 
0, comb, down_correlated, 0, -2.5, 2.5, 100, 140, 0, 1, "0.932752+0.00200952*log(x+19)*log(x+18)*(3-0.365892*log(x+18))-0.00264740685102" 
0, comb, down_correlated, 0, -2.5, 2.5, 70, 100, 0, 1, "0.932752+0.00200952*log(x+19)*log(x+18)*(3-0.365892*log(x+18))-0.00719429234844" 
0, comb, down_correlated, 0, -2.5, 2.5, 200, 300, 0, 1, "0.932752+0.00200952*log(x+19)*log(x+18)*(3-0.365892*log(x+18))-0.0514805512201" 
0, comb, down_correlated, 0, -2.5, 2.5, 300, 600, 0, 1, "0.932752+0.00200952*log(x+19)*log(x+18)*(3-0.365892*log(x+18))-0.0240349127938" 
0, comb, down_correlated, 0, -2.5, 2.5, 140, 200, 0, 1, "0.932752+0.00200952*log(x+19)*log(x+18)*(3-0.365892*log(x+18))-0.00242295931546" 
0, comb, down_correlated, 0, -2.5, 2.5, 50, 70, 0, 1, "0.932752+0.00200952*log(x+19)*log(x+18)*(3-0.365892*log(x+18))-0.00770571450745" 
0, comb, down_correlated, 0, -2.5, 2.5, 20, 30, 0, 1, "0.932752+0.00200952*log(x+19)*log(x+18)*(3-0.365892*log(x+18))-0.0186705055336" 
0, comb, down_correlated, 0, -2.5, 2.5, 600, 1000, 0, 1, "0.932752+0.00200952*log(x+19)*log(x+18)*(3-0.365892*log(x+18))-0.0385005614298" 
0, comb, down_correlated, 0, -2.5, 2.5, 30, 50, 0, 1, "0.932752+0.00200952*log(x+19)*log(x+18)*(3-0.365892*log(x+18))-0.00571204197275" 
0, comb, down_uncorrelated, 1, -2.5, 2.5, 100, 140, 0, 1, "0.932752+0.00200952*log(x+19)*log(x+18)*(3-0.365892*log(x+18))-0.0235705588477" 
0, comb, down_uncorrelated, 1, -2.5, 2.5, 70, 100, 0, 1, "0.932752+0.00200952*log(x+19)*log(x+18)*(3-0.365892*log(x+18))-0.0242804690314" 
0, comb, down_uncorrelated, 1, -2.5, 2.5, 200, 300, 0, 1, "0.932752+0.00200952*log(x+19)*log(x+18)*(3-0.365892*log(x+18))-0.0368968758455" 
0, comb, down_uncorrelated, 1, -2.5, 2.5, 300, 600, 0, 1, "0.932752+0.00200952*log(x+19)*log(x+18)*(3-0.365892*log(x+18))-0.0457416021404" 
0, comb, down_uncorrelated, 1, -2.5, 2.5, 140, 200, 0, 1, "0.932752+0.00200952*log(x+19)*log(x+18)*(3-0.365892*log(x+18))-0.0249397497992" 
0, comb, down_uncorrelated, 1, -2.5, 2.5, 50, 70, 0, 1, "0.932752+0.00200952*log(x+19)*log(x+18)*(3-0.365892*log(x+18))-0.0150255978016" 
0, comb, down_uncorrelated, 1, -2.5, 2.5, 20, 30, 0, 1, "0.932752+0.00200952*log(x+19)*log(x+18)*(3-0.365892*log(x+18))-0.0281770164719" 
0, comb, down_uncorrelated, 1, -2.5, 2.5, 600, 1000, 0, 1, "0.932752+0.00200952*log(x+19)*log(x+18)*(3-0.365892*log(x+18))-0.173817003966" 
0, comb, down_uncorrelated, 1, -2.5, 2.5, 30, 50, 0, 1, "0.932752+0.00200952*log(x+19)*log(x+18)*(3-0.365892*log(x+18))-0.00868443035453" 
0, comb, down_uncorrelated, 0, -2.5, 2.5, 100, 140, 0, 1, "0.932752+0.00200952*log(x+19)*log(x+18)*(3-0.365892*log(x+18))-0.00942822316908" 
0, comb, down_uncorrelated, 0, -2.5, 2.5, 70, 100, 0, 1, "0.932752+0.00200952*log(x+19)*log(x+18)*(3-0.365892*log(x+18))-0.00971218798199" 
0, comb, down_uncorrelated, 0, -2.5, 2.5, 200, 300, 0, 1, "0.932752+0.00200952*log(x+19)*log(x+18)*(3-0.365892*log(x+18))-0.0147587501547" 
0, comb, down_uncorrelated, 0, -2.5, 2.5, 300, 600, 0, 1, "0.932752+0.00200952*log(x+19)*log(x+18)*(3-0.365892*log(x+18))-0.0182966407916" 
0, comb, down_uncorrelated, 0, -2.5, 2.5, 140, 200, 0, 1, "0.932752+0.00200952*log(x+19)*log(x+18)*(3-0.365892*log(x+18))-0.00997589991978" 
0, comb, down_uncorrelated, 0, -2.5, 2.5, 50, 70, 0, 1, "0.932752+0.00200952*log(x+19)*log(x+18)*(3-0.365892*log(x+18))-0.00601023912376" 
0, comb, down_uncorrelated, 0, -2.5, 2.5, 20, 30, 0, 1, "0.932752+0.00200952*log(x+19)*log(x+18)*(3-0.365892*log(x+18))-0.0112708064417" 
0, comb, down_uncorrelated, 0, -2.5, 2.5, 600, 1000, 0, 1, "0.932752+0.00200952*log(x+19)*log(x+18)*(3-0.365892*log(x+18))-0.0695268045636" 
0, comb, down_uncorrelated, 0, -2.5, 2.5, 30, 50, 0, 1, "0.932752+0.00200952*log(x+19)*log(x+18)*(3-0.365892*log(x+18))-0.00347377208555" 
0, comb, up, 1, -2.5, 2.5, 20, 30, 0, 1, "0.932752+0.00200952*log(x+19)*log(x+18)*(3-0.365892*log(x+18))+0.054521717131137848" 
0, comb, up, 1, -2.5, 2.5, 30, 50, 0, 1, "0.932752+0.00200952*log(x+19)*log(x+18)*(3-0.365892*log(x+18))+0.016713488847017288" 
0, comb, up, 1, -2.5, 2.5, 50, 70, 0, 1, "0.932752+0.00200952*log(x+19)*log(x+18)*(3-0.365892*log(x+18))+0.024431154131889343" 
0, comb, up, 1, -2.5, 2.5, 70, 100, 0, 1, "0.932752+0.00200952*log(x+19)*log(x+18)*(3-0.365892*log(x+18))+0.03021634928882122" 
0, comb, up, 1, -2.5, 2.5, 100, 140, 0, 1, "0.932752+0.00200952*log(x+19)*log(x+18)*(3-0.365892*log(x+18))+0.024482157081365585" 
0, comb, up, 1, -2.5, 2.5, 140, 200, 0, 1, "0.932752+0.00200952*log(x+19)*log(x+18)*(3-0.365892*log(x+18))+0.025664824992418289" 
0, comb, up, 1, -2.5, 2.5, 200, 300, 0, 1, "0.932752+0.00200952*log(x+19)*log(x+18)*(3-0.365892*log(x+18))+0.13388586044311523" 
0, comb, up, 1, -2.5, 2.5, 300, 600, 0, 1, "0.932752+0.00200952*log(x+19)*log(x+18)*(3-0.365892*log(x+18))+0.075516723096370697" 
0, comb, up, 1, -2.5, 2.5, 600, 1000, 0, 1, "0.932752+0.00200952*log(x+19)*log(x+18)*(3-0.365892*log(x+18))+0.19868740439414978" 
0, comb, up, 0, -2.5, 2.5, 20, 30, 0, 1, "0.932752+0.00200952*log(x+19)*log(x+18)*(3-0.365892*log(x+18))+0.021808687597513199" 
0, comb, up, 0, -2.5, 2.5, 30, 50, 0, 1, "0.932752+0.00200952*log(x+19)*log(x+18)*(3-0.365892*log(x+18))+0.0066853957250714302" 
0, comb, up, 0, -2.5, 2.5, 50, 70, 0, 1, "0.932752+0.00200952*log(x+19)*log(x+18)*(3-0.365892*log(x+18))+0.0097724618390202522" 
0, comb, up, 0, -2.5, 2.5, 70, 100, 0, 1, "0.932752+0.00200952*log(x+19)*log(x+18)*(3-0.365892*log(x+18))+0.012086539529263973" 
0, comb, up, 0, -2.5, 2.5, 100, 140, 0, 1, "0.932752+0.00200952*log(x+19)*log(x+18)*(3-0.365892*log(x+18))+0.0097928624600172043" 
0, comb, up, 0, -2.5, 2.5, 140, 200, 0, 1, "0.932752+0.00200952*log(x+19)*log(x+18)*(3-0.365892*log(x+18))+0.010265929624438286" 
0, comb, up, 0, -2.5, 2.5, 200, 300, 0, 1, "0.932752+0.00200952*log(x+19)*log(x+18)*(3-0.365892*log(x+18))+0.053554344922304153" 
0, comb, up, 0, -2.5, 2.5, 300, 600, 0, 1, "0.932752+0.00200952*log(x+19)*log(x+18)*(3-0.365892*log(x+18))+0.030206689611077309" 
0, comb, up, 0, -2.5, 2.5, 600, 1000, 0, 1, "0.932752+0.00200952*log(x+19)*log(x+18)*(3-0.365892*log(x+18))+0.079474963247776031" 
0, comb, up_correlated, 1, -2.5, 2.5, 100, 140, 0, 1, "0.932752+0.00200952*log(x+19)*log(x+18)*(3-0.365892*log(x+18))+0.00661851727828" 
0, comb, up_correlated, 1, -2.5, 2.5, 70, 100, 0, 1, "0.932752+0.00200952*log(x+19)*log(x+18)*(3-0.365892*log(x+18))+0.0179857329003" 
0, comb, up_correlated, 1, -2.5, 2.5, 200, 300, 0, 1, "0.932752+0.00200952*log(x+19)*log(x+18)*(3-0.365892*log(x+18))+0.128701375981" 
0, comb, up_correlated, 1, -2.5, 2.5, 300, 600, 0, 1, "0.932752+0.00200952*log(x+19)*log(x+18)*(3-0.365892*log(x+18))+0.060087280691" 
0, comb, up_correlated, 1, -2.5, 2.5, 140, 200, 0, 1, "0.932752+0.00200952*log(x+19)*log(x+18)*(3-0.365892*log(x+18))+0.00605740223588" 
0, comb, up_correlated, 1, -2.5, 2.5, 50, 70, 0, 1, "0.932752+0.00200952*log(x+19)*log(x+18)*(3-0.365892*log(x+18))+0.0192642856842" 
0, comb, up_correlated, 1, -2.5, 2.5, 20, 30, 0, 1, "0.932752+0.00200952*log(x+19)*log(x+18)*(3-0.365892*log(x+18))+0.0466762614363" 
0, comb, up_correlated, 1, -2.5, 2.5, 600, 1000, 0, 1, "0.932752+0.00200952*log(x+19)*log(x+18)*(3-0.365892*log(x+18))+0.0962514093264" 
0, comb, up_correlated, 1, -2.5, 2.5, 30, 50, 0, 1, "0.932752+0.00200952*log(x+19)*log(x+18)*(3-0.365892*log(x+18))+0.0142801043013" 
0, comb, up_correlated, 0, -2.5, 2.5, 100, 140, 0, 1, "0.932752+0.00200952*log(x+19)*log(x+18)*(3-0.365892*log(x+18))+0.00264740685102" 
0, comb, up_correlated, 0, -2.5, 2.5, 70, 100, 0, 1, "0.932752+0.00200952*log(x+19)*log(x+18)*(3-0.365892*log(x+18))+0.00719429234844" 
0, comb, up_correlated, 0, -2.5, 2.5, 200, 300, 0, 1, "0.932752+0.00200952*log(x+19)*log(x+18)*(3-0.365892*log(x+18))+0.0514805512201" 
0, comb, up_correlated, 0, -2.5, 2.5, 300, 600, 0, 1, "0.932752+0.00200952*log(x+19)*log(x+18)*(3-0.365892*log(x+18))+0.0240349127938" 
0, comb, up_correlated, 0, -2.5, 2.5, 140, 200, 0, 1, "0.932752+0.00200952*log(x+19)*log(x+18)*(3-0.365892*log(x+18))+0.00242295931546" 
0, comb, up_correlated, 0, -2.5, 2.5, 50, 70, 0, 1, "0.932752+0.00200952*log(x+19)*log(x+18)*(3-0.365892*log(x+18))+0.00770571450745" 
0, comb, up_correlated, 0, -2.5, 2.5, 20, 30, 0, 1, "0.932752+0.00200952*log(x+19)*log(x+18)*(3-0.365892*log(x+18))+0.0186705055336" 
0, comb, up_correlated, 0, -2.5, 2.5, 600, 1000, 0, 1, "0.932752+0.00200952*log(x+19)*log(x+18)*(3-0.365892*log(x+18))+0.0385005614298" 
0, comb, up_correlated, 0, -2.5, 2.5, 30, 50, 0, 1, "0.932752+0.00200952*log(x+19)*log(x+18)*(3-0.365892*log(x+18))+0.00571204197275" 
0, comb, up_uncorrelated, 1, -2.5, 2.5, 100, 140, 0, 1, "0.932752+0.00200952*log(x+19)*log(x+18)*(3-0.365892*log(x+18))+0.0235705588477" 
0, comb, up_uncorrelated, 1, -2.5, 2.5, 70, 100, 0, 1, "0.932752+0.00200952*log(x+19)*log(x+18)*(3-0.365892*log(x+18))+0.0242804690314" 
0, comb, up_uncorrelated, 1, -2.5, 2.5, 200, 300, 0, 1, "0.932752+0.00200952*log(x+19)*log(x+18)*(3-0.365892*log(x+18))+0.0368968758455" 
0, comb, up_uncorrelated, 1, -2.5, 2.5, 300, 600, 0, 1, "0.932752+0.00200952*log(x+19)*log(x+18)*(3-0.365892*log(x+18))+0.0457416021404" 
0, comb, up_uncorrelated, 1, -2.5, 2.5, 140, 200, 0, 1, "0.932752+0.00200952*log(x+19)*log(x+18)*(3-0.365892*log(x+18))+0.0249397497992" 
0, comb, up_uncorrelated, 1, -2.5, 2.5, 50, 70, 0, 1, "0.932752+0.00200952*log(x+19)*log(x+18)*(3-0.365892*log(x+18))+0.0150255978016" 
0, comb, up_uncorrelated, 1, -2.5, 2.5, 20, 30, 0, 1, "0.932752+0.00200952*log(x+19)*log(x+18)*(3-0.365892*log(x+18))+0.0281770164719" 
0, comb, up_uncorrelated, 1, -2.5, 2.5, 600, 1000, 0, 1, "0.932752+0.00200952*log(x+19)*log(x+18)*(3-0.365892*log(x+18))+0.173817003966" 
0, comb, up_uncorrelated, 1, -2.5, 2.5, 30, 50, 0, 1, "0.932752+0.00200952*log(x+19)*log(x+18)*(3-0.365892*log(x+18))+0.00868443035453" 
0, comb, up_uncorrelated, 0, -2.5, 2.5, 100, 140, 0, 1, "0.932752+0.00200952*log(x+19)*log(x+18)*(3-0.365892*log(x+18))+0.00942822316908" 
0, comb, up_uncorrelated, 0, -2.5, 2.5, 70, 100, 0, 1, "0.932752+0.00200952*log(x+19)*log(x+18)*(3-0.365892*log(x+18))+0.00971218798199" 
0, comb, up_uncorrelated, 0, -2.5, 2.5, 200, 300, 0, 1, "0.932752+0.00200952*log(x+19)*log(x+18)*(3-0.365892*log(x+18))+0.0147587501547" 
0, comb, up_uncorrelated, 0, -2.5, 2.5, 300, 600, 0, 1, "0.932752+0.00200952*log(x+19)*log(x+18)*(3-0.365892*log(x+18))+0.0182966407916" 
0, comb, up_uncorrelated, 0, -2.5, 2.5, 140, 200, 0, 1, "0.932752+0.00200952*log(x+19)*log(x+18)*(3-0.365892*log(x+18))+0.00997589991978" 
0, comb, up_uncorrelated, 0, -2.5, 2.5, 50, 70, 0, 1, "0.932752+0.00200952*log(x+19)*log(x+18)*(3-0.365892*log(x+18))+0.00601023912376" 
0, comb, up_uncorrelated, 0, -2.5, 2.5, 20, 30, 0, 1, "0.932752+0.00200952*log(x+19)*log(x+18)*(3-0.365892*log(x+18))+0.0112708064417" 
0, comb, up_uncorrelated, 0, -2.5, 2.5, 600, 1000, 0, 1, "0.932752+0.00200952*log(x+19)*log(x+18)*(3-0.365892*log(x+18))+0.0695268045636" 
0, comb, up_uncorrelated, 0, -2.5, 2.5, 30, 50, 0, 1, "0.932752+0.00200952*log(x+19)*log(x+18)*(3-0.365892*log(x+18))+0.00347377208555" 
0, mujets, central, 1, -2.5, 2.5, 20, 1000, 0, 1, "1.05497+-0.00298783*log(x+19)*log(x+18)*(3-0.397111*log(x+18))" 
0, mujets, central, 0, -2.5, 2.5, 20, 1000, 0, 1, "1.05497+-0.00298783*log(x+19)*log(x+18)*(3-0.397111*log(x+18))" 
0, mujets, down, 1, -2.5, 2.5, 20, 30, 0, 1, "1.05497+-0.00298783*log(x+19)*log(x+18)*(3-0.397111*log(x+18))-0.056052949279546738" 
0, mujets, down, 1, -2.5, 2.5, 30, 50, 0, 1, "1.05497+-0.00298783*log(x+19)*log(x+18)*(3-0.397111*log(x+18))-0.017827972769737244" 
0, mujets, down, 1, -2.5, 2.5, 50, 70, 0, 1, "1.05497+-0.00298783*log(x+19)*log(x+18)*(3-0.397111*log(x+18))-0.028752945363521576" 
0, mujets, down, 1, -2.5, 2.5, 70, 100, 0, 1, "1.05497+-0.00298783*log(x+19)*log(x+18)*(3-0.397111*log(x+18))-0.054693799465894699" 
0, mujets, down, 1, -2.5, 2.5, 100, 140, 0, 1, "1.05497+-0.00298783*log(x+19)*log(x+18)*(3-0.397111*log(x+18))-0.1091482862830162" 
0, mujets, down, 1, -2.5, 2.5, 140, 200, 0, 1, "1.05497+-0.00298783*log(x+19)*log(x+18)*(3-0.397111*log(x+18))-0.156380295753479" 
0, mujets, down, 1, -2.5, 2.5, 200, 300, 0, 1, "1.05497+-0.00298783*log(x+19)*log(x+18)*(3-0.397111*log(x+18))-0.16991613805294037" 
0, mujets, down, 1, -2.5, 2.5, 300, 600, 0, 1, "1.05497+-0.00298783*log(x+19)*log(x+18)*(3-0.397111*log(x+18))-0.080352798104286194" 
0, mujets, down, 1, -2.5, 2.5, 600, 1000, 0, 1, "1.05497+-0.00298783*log(x+19)*log(x+18)*(3-0.397111*log(x+18))-0.20538398623466492" 
0, mujets, down, 0, -2.5, 2.5, 20, 30, 0, 1, "1.05497+-0.00298783*log(x+19)*log(x+18)*(3-0.397111*log(x+18))-0.022421179339289665" 
0, mujets, down, 0, -2.5, 2.5, 30, 50, 0, 1, "1.05497+-0.00298783*log(x+19)*log(x+18)*(3-0.397111*log(x+18))-0.0071311891078948975" 
0, mujets, down, 0, -2.5, 2.5, 50, 70, 0, 1, "1.05497+-0.00298783*log(x+19)*log(x+18)*(3-0.397111*log(x+18))-0.01150117814540863" 
0, mujets, down, 0, -2.5, 2.5, 70, 100, 0, 1, "1.05497+-0.00298783*log(x+19)*log(x+18)*(3-0.397111*log(x+18))-0.02187751978635788" 
0, mujets, down, 0, -2.5, 2.5, 100, 140, 0, 1, "1.05497+-0.00298783*log(x+19)*log(x+18)*(3-0.397111*log(x+18))-0.043659314513206482" 
0, mujets, down, 0, -2.5, 2.5, 140, 200, 0, 1, "1.05497+-0.00298783*log(x+19)*log(x+18)*(3-0.397111*log(x+18))-0.062552116811275482" 
0, mujets, down, 0, -2.5, 2.5, 200, 300, 0, 1, "1.05497+-0.00298783*log(x+19)*log(x+18)*(3-0.397111*log(x+18))-0.067966453731060028" 
0, mujets, down, 0, -2.5, 2.5, 300, 600, 0, 1, "1.05497+-0.00298783*log(x+19)*log(x+18)*(3-0.397111*log(x+18))-0.032141119241714478" 
0, mujets, down, 0, -2.5, 2.5, 600, 1000, 0, 1, "1.05497+-0.00298783*log(x+19)*log(x+18)*(3-0.397111*log(x+18))-0.082153595983982086" 
0, mujets, down_correlated, 1, -2.5, 2.5, 100, 140, 0, 1, "1.05497+-0.00298783*log(x+19)*log(x+18)*(3-0.397111*log(x+18))-0.0870448210451" 
0, mujets, down_correlated, 1, -2.5, 2.5, 70, 100, 0, 1, "1.05497+-0.00298783*log(x+19)*log(x+18)*(3-0.397111*log(x+18))-0.051491804068" 
0, mujets, down_correlated, 1, -2.5, 2.5, 200, 300, 0, 1, "1.05497+-0.00298783*log(x+19)*log(x+18)*(3-0.397111*log(x+18))-0.161330219963" 
0, mujets, down_correlated, 1, -2.5, 2.5, 300, 600, 0, 1, "1.05497+-0.00298783*log(x+19)*log(x+18)*(3-0.397111*log(x+18))-0.0635225277482" 
0, mujets, down_correlated, 1, -2.5, 2.5, 140, 200, 0, 1, "1.05497+-0.00298783*log(x+19)*log(x+18)*(3-0.397111*log(x+18))-0.134495502296" 
0, mujets, down_correlated, 1, -2.5, 2.5, 50, 70, 0, 1, "1.05497+-0.00298783*log(x+19)*log(x+18)*(3-0.397111*log(x+18))-0.0258817063549" 
0, mujets, down_correlated, 1, -2.5, 2.5, 20, 30, 0, 1, "1.05497+-0.00298783*log(x+19)*log(x+18)*(3-0.397111*log(x+18))-0.048087935571" 
0, mujets, down_correlated, 1, -2.5, 2.5, 600, 1000, 0, 1, "1.05497+-0.00298783*log(x+19)*log(x+18)*(3-0.397111*log(x+18))-0.100977091279" 
0, mujets, down_correlated, 1, -2.5, 2.5, 30, 50, 0, 1, "1.05497+-0.00298783*log(x+19)*log(x+18)*(3-0.397111*log(x+18))-0.0160788790397" 
0, mujets, down_correlated, 0, -2.5, 2.5, 100, 140, 0, 1, "1.05497+-0.00298783*log(x+19)*log(x+18)*(3-0.397111*log(x+18))-0.0348179278259" 
0, mujets, down_correlated, 0, -2.5, 2.5, 70, 100, 0, 1, "1.05497+-0.00298783*log(x+19)*log(x+18)*(3-0.397111*log(x+18))-0.0205967216273" 
0, mujets, down_correlated, 0, -2.5, 2.5, 200, 300, 0, 1, "1.05497+-0.00298783*log(x+19)*log(x+18)*(3-0.397111*log(x+18))-0.0645320865386" 
0, mujets, down_correlated, 0, -2.5, 2.5, 300, 600, 0, 1, "1.05497+-0.00298783*log(x+19)*log(x+18)*(3-0.397111*log(x+18))-0.0254090112025" 
0, mujets, down_correlated, 0, -2.5, 2.5, 140, 200, 0, 1, "1.05497+-0.00298783*log(x+19)*log(x+18)*(3-0.397111*log(x+18))-0.053798198744" 
0, mujets, down_correlated, 0, -2.5, 2.5, 50, 70, 0, 1, "1.05497+-0.00298783*log(x+19)*log(x+18)*(3-0.397111*log(x+18))-0.0103526824519" 
0, mujets, down_correlated, 0, -2.5, 2.5, 20, 30, 0, 1, "1.05497+-0.00298783*log(x+19)*log(x+18)*(3-0.397111*log(x+18))-0.0192351738044" 
0, mujets, down_correlated, 0, -2.5, 2.5, 600, 1000, 0, 1, "1.05497+-0.00298783*log(x+19)*log(x+18)*(3-0.397111*log(x+18))-0.0403908395709" 
0, mujets, down_correlated, 0, -2.5, 2.5, 30, 50, 0, 1, "1.05497+-0.00298783*log(x+19)*log(x+18)*(3-0.397111*log(x+18))-0.00643155157445" 
0, mujets, down_uncorrelated, 1, -2.5, 2.5, 100, 140, 0, 1, "1.05497+-0.00298783*log(x+19)*log(x+18)*(3-0.397111*log(x+18))-0.0658524678941" 
0, mujets, down_uncorrelated, 1, -2.5, 2.5, 70, 100, 0, 1, "1.05497+-0.00298783*log(x+19)*log(x+18)*(3-0.397111*log(x+18))-0.0184392465637" 
0, mujets, down_uncorrelated, 1, -2.5, 2.5, 200, 300, 0, 1, "1.05497+-0.00298783*log(x+19)*log(x+18)*(3-0.397111*log(x+18))-0.0533296737052" 
0, mujets, down_uncorrelated, 1, -2.5, 2.5, 300, 600, 0, 1, "1.05497+-0.00298783*log(x+19)*log(x+18)*(3-0.397111*log(x+18))-0.049208339046" 
0, mujets, down_uncorrelated, 1, -2.5, 2.5, 140, 200, 0, 1, "1.05497+-0.00298783*log(x+19)*log(x+18)*(3-0.397111*log(x+18))-0.0797856927163" 
0, mujets, down_uncorrelated, 1, -2.5, 2.5, 50, 70, 0, 1, "1.05497+-0.00298783*log(x+19)*log(x+18)*(3-0.397111*log(x+18))-0.0125247412443" 
0, mujets, down_uncorrelated, 1, -2.5, 2.5, 20, 30, 0, 1, "1.05497+-0.00298783*log(x+19)*log(x+18)*(3-0.397111*log(x+18))-0.0288007565084" 
0, mujets, down_uncorrelated, 1, -2.5, 2.5, 600, 1000, 0, 1, "1.05497+-0.00298783*log(x+19)*log(x+18)*(3-0.397111*log(x+18))-0.178846886578" 
0, mujets, down_uncorrelated, 1, -2.5, 2.5, 30, 50, 0, 1, "1.05497+-0.00298783*log(x+19)*log(x+18)*(3-0.397111*log(x+18))-0.00770105589541" 
0, mujets, down_uncorrelated, 0, -2.5, 2.5, 100, 140, 0, 1, "1.05497+-0.00298783*log(x+19)*log(x+18)*(3-0.397111*log(x+18))-0.0263409879403" 
0, mujets, down_uncorrelated, 0, -2.5, 2.5, 70, 100, 0, 1, "1.05497+-0.00298783*log(x+19)*log(x+18)*(3-0.397111*log(x+18))-0.00737569862519" 
0, mujets, down_uncorrelated, 0, -2.5, 2.5, 200, 300, 0, 1, "1.05497+-0.00298783*log(x+19)*log(x+18)*(3-0.397111*log(x+18))-0.0213318691106" 
0, mujets, down_uncorrelated, 0, -2.5, 2.5, 300, 600, 0, 1, "1.05497+-0.00298783*log(x+19)*log(x+18)*(3-0.397111*log(x+18))-0.0196833354851" 
0, mujets, down_uncorrelated, 0, -2.5, 2.5, 140, 200, 0, 1, "1.05497+-0.00298783*log(x+19)*log(x+18)*(3-0.397111*log(x+18))-0.031914277831" 
0, mujets, down_uncorrelated, 0, -2.5, 2.5, 50, 70, 0, 1, "1.05497+-0.00298783*log(x+19)*log(x+18)*(3-0.397111*log(x+18))-0.00500989668391" 
0, mujets, down_uncorrelated, 0, -2.5, 2.5, 20, 30, 0, 1, "1.05497+-0.00298783*log(x+19)*log(x+18)*(3-0.397111*log(x+18))-0.0115203025862" 
0, mujets, down_uncorrelated, 0, -2.5, 2.5, 600, 1000, 0, 1, "1.05497+-0.00298783*log(x+19)*log(x+18)*(3-0.397111*log(x+18))-0.071538754615" 
0, mujets, down_uncorrelated, 0, -2.5, 2.5, 30, 50, 0, 1, "1.05497+-0.00298783*log(x+19)*log(x+18)*(3-0.397111*log(x+18))-0.00308042244469" 
0, mujets, up, 1, -2.5, 2.5, 20, 30, 0, 1, "1.05497+-0.00298783*log(x+19)*log(x+18)*(3-0.397111*log(x+18))+0.056052949279546738" 
0, mujets, up, 1, -2.5, 2.5, 30, 50, 0, 1, "1.05497+-0.00298783*log(x+19)*log(x+18)*(3-0.397111*log(x+18))+0.017827972769737244" 
0, mujets, up, 1, -2.5, 2.5, 50, 70, 0, 1, "1.05497+-0.00298783*log(x+19)*log(x+18)*(3-0.397111*log(x+18))+0.028752945363521576" 
0, mujets, up, 1, -2.5, 2.5, 70, 100, 0, 1, "1.05497+-0.00298783*log(x+19)*log(x+18)*(3-0.397111*log(x+18))+0.054693799465894699" 
0, mujets, up, 1, -2.5, 2.5, 100, 140, 0, 1, "1.05497+-0.00298783*log(x+19)*log(x+18)*(3-0.397111*log(x+18))+0.1091482862830162" 
0, mujets, up, 1, -2.5, 2.5, 140, 200, 0, 1, "1.05497+-0.00298783*log(x+19)*log(x+18)*(3-0.397111*log(x+18))+0.156380295753479" 
0, mujets, up, 1, -2.5, 2.5, 200, 300, 0, 1, "1.05497+-0.00298783*log(x+19)*log(x+18)*(3-0.397111*log(x+18))+0.16991613805294037" 
0, mujets, up, 1, -2.5, 2.5, 300, 600, 0, 1, "1.05497+-0.00298783*log(x+19)*log(x+18)*(3-0.397111*log(x+18))+0.080352798104286194" 
0, mujets, up, 1, -2.5, 2.5, 600, 1000, 0, 1, "1.05497+-0.00298783*log(x+19)*log(x+18)*(3-0.397111*log(x+18))+0.20538398623466492" 
0, mujets, up, 0, -2.5, 2.5, 20, 30, 0, 1, "1.05497+-0.00298783*log(x+19)*log(x+18)*(3-0.397111*log(x+18))+0.022421179339289665" 
0, mujets, up, 0, -2.5, 2.5, 30, 50, 0, 1, "1.05497+-0.00298783*log(x+19)*log(x+18)*(3-0.397111*log(x+18))+0.0071311891078948975" 
0, mujets, up, 0, -2.5, 2.5, 50, 70, 0, 1, "1.05497+-0.00298783*log(x+19)*log(x+18)*(3-0.397111*log(x+18))+0.01150117814540863" 
0, mujets, up, 0, -2.5, 2.5, 70, 100, 0, 1, "1.05497+-0.00298783*log(x+19)*log(x+18)*(3-0.397111*log(x+18))+0.02187751978635788" 
0, mujets, up, 0, -2.5, 2.5, 100, 140, 0, 1, "1.05497+-0.00298783*log(x+19)*log(x+18)*(3-0.397111*log(x+18))+0.043659314513206482" 
0, mujets, up, 0, -2.5, 2.5, 140, 200, 0, 1, "1.05497+-0.00298783*log(x+19)*log(x+18)*(3-0.397111*log(x+18))+0.062552116811275482" 
0, mujets, up, 0, -2.5, 2.5, 200, 300, 0, 1, "1.05497+-0.00298783*log(x+19)*log(x+18)*(3-0.397111*log(x+18))+0.067966453731060028" 
0, mujets, up, 0, -2.5, 2.5, 300, 600, 0, 1, "1.05497+-0.00298783*log(x+19)*log(x+18)*(3-0.397111*log(x+18))+0.032141119241714478" 
0, mujets, up, 0, -2.5, 2.5, 600, 1000, 0, 1, "1.05497+-0.00298783*log(x+19)*log(x+18)*(3-0.397111*log(x+18))+0.082153595983982086" 
0, mujets, up_correlated, 1, -2.5, 2.5, 100, 140, 0, 1, "1.05497+-0.00298783*log(x+19)*log(x+18)*(3-0.397111*log(x+18))+0.0870448210451" 
0, mujets, up_correlated, 1, -2.5, 2.5, 70, 100, 0, 1, "1.05497+-0.00298783*log(x+19)*log(x+18)*(3-0.397111*log(x+18))+0.051491804068" 
0, mujets, up_correlated, 1, -2.5, 2.5, 200, 300, 0, 1, "1.05497+-0.00298783*log(x+19)*log(x+18)*(3-0.397111*log(x+18))+0.161330219963" 
0, mujets, up_correlated, 1, -2.5, 2.5, 300, 600, 0, 1, "1.05497+-0.00298783*log(x+19)*log(x+18)*(3-0.397111*log(x+18))+0.0635225277482" 
0, mujets, up_correlated, 1, -2.5, 2.5, 140, 200, 0, 1, "1.05497+-0.00298783*log(x+19)*log(x+18)*(3-0.397111*log(x+18))+0.134495502296" 
0, mujets, up_correlated, 1, -2.5, 2.5, 50, 70, 0, 1, "1.05497+-0.00298783*log(x+19)*log(x+18)*(3-0.397111*log(x+18))+0.0258817063549" 
0, mujets, up_correlated, 1, -2.5, 2.5, 20, 30, 0, 1, "1.05497+-0.00298783*log(x+19)*log(x+18)*(3-0.397111*log(x+18))+0.048087935571" 
0, mujets, up_correlated, 1, -2.5, 2.5, 600, 1000, 0, 1, "1.05497+-0.00298783*log(x+19)*log(x+18)*(3-0.397111*log(x+18))+0.100977091279" 
0, mujets, up_correlated, 1, -2.5, 2.5, 30, 50, 0, 1, "1.05497+-0.00298783*log(x+19)*log(x+18)*(3-0.397111*log(x+18))+0.0160788790397" 
0, mujets, up_correlated, 0, -2.5, 2.5, 100, 140, 0, 1, "1.05497+-0.00298783*log(x+19)*log(x+18)*(3-0.397111*log(x+18))+0.0348179278259" 
0, mujets, up_correlated, 0, -2.5, 2.5, 70, 100, 0, 1, "1.05497+-0.00298783*log(x+19)*log(x+18)*(3-0.397111*log(x+18))+0.0205967216273" 
0, mujets, up_correlated, 0, -2.5, 2.5, 200, 300, 0, 1, "1.05497+-0.00298783*log(x+19)*log(x+18)*(3-0.397111*log(x+18))+0.0645320865386" 
0, mujets, up_correlated, 0, -2.5, 2.5, 300, 600, 0, 1, "1.05497+-0.00298783*log(x+19)*log(x+18)*(3-0.397111*log(x+18))+0.0254090112025" 
0, mujets, up_correlated, 0, -2.5, 2.5, 140, 200, 0, 1, "1.05497+-0.00298783*log(x+19)*log(x+18)*(3-0.397111*log(x+18))+0.053798198744" 
0, mujets, up_correlated, 0, -2.5, 2.5, 50, 70, 0, 1, "1.05497+-0.00298783*log(x+19)*log(x+18)*(3-0.397111*log(x+18))+0.0103526824519" 
0, mujets, up_correlated, 0, -2.5, 2.5, 20, 30, 0, 1, "1.05497+-0.00298783*log(x+19)*log(x+18)*(3-0.397111*log(x+18))+0.0192351738044" 
0, mujets, up_correlated, 0, -2.5, 2.5, 600, 1000, 0, 1, "1.05497+-0.00298783*log(x+19)*log(x+18)*(3-0.397111*log(x+18))+0.0403908395709" 
0, mujets, up_correlated, 0, -2.5, 2.5, 30, 50, 0, 1, "1.05497+-0.00298783*log(x+19)*log(x+18)*(3-0.397111*log(x+18))+0.00643155157445" 
0, mujets, up_uncorrelated, 1, -2.5, 2.5, 100, 140, 0, 1, "1.05497+-0.00298783*log(x+19)*log(x+18)*(3-0.397111*log(x+18))+0.0658524678941" 
0, mujets, up_uncorrelated, 1, -2.5, 2.5, 70, 100, 0, 1, "1.05497+-0.00298783*log(x+19)*log(x+18)*(3-0.397111*log(x+18))+0.0184392465637" 
0, mujets, up_uncorrelated, 1, -2.5, 2.5, 200, 300, 0, 1, "1.05497+-0.00298783*log(x+19)*log(x+18)*(3-0.397111*log(x+18))+0.0533296737052" 
0, mujets, up_uncorrelated, 1, -2.5, 2.5, 300, 600, 0, 1, "1.05497+-0.00298783*log(x+19)*log(x+18)*(3-0.397111*log(x+18))+0.049208339046" 
0, mujets, up_uncorrelated, 1, -2.5, 2.5, 140, 200, 0, 1, "1.05497+-0.00298783*log(x+19)*log(x+18)*(3-0.397111*log(x+18))+0.0797856927163" 
0, mujets, up_uncorrelated, 1, -2.5, 2.5, 50, 70, 0, 1, "1.05497+-0.00298783*log(x+19)*log(x+18)*(3-0.397111*log(x+18))+0.0125247412443" 
0, mujets, up_uncorrelated, 1, -2.5, 2.5, 20, 30, 0, 1, "1.05497+-0.00298783*log(x+19)*log(x+18)*(3-0.397111*log(x+18))+0.0288007565084" 
0, mujets, up_uncorrelated, 1, -2.5, 2.5, 600, 1000, 0, 1, "1.05497+-0.00298783*log(x+19)*log(x+18)*(3-0.397111*log(x+18))+0.178846886578" 
0, mujets, up_uncorrelated, 1, -2.5, 2.5, 30, 50, 0, 1, "1.05497+-0.00298783*log(x+19)*log(x+18)*(3-0.397111*log(x+18))+0.00770105589541" 
0, mujets, up_uncorrelated, 0, -2.5, 2.5, 100, 140, 0, 1, "1.05497+-0.00298783*log(x+19)*log(x+18)*(3-0.397111*log(x+18))+0.0263409879403" 
0, mujets, up_uncorrelated, 0, -2.5, 2.5, 70, 100, 0, 1, "1.05497+-0.00298783*log(x+19)*log(x+18)*(3-0.397111*log(x+18))+0.00737569862519" 
0, mujets, up_uncorrelated, 0, -2.5, 2.5, 200, 300, 0, 1, "1.05497+-0.00298783*log(x+19)*log(x+18)*(3-0.397111*log(x+18))+0.0213318691106" 
0, mujets, up_uncorrelated, 0, -2.5, 2.5, 300, 600, 0, 1, "1.05497+-0.00298783*log(x+19)*log(x+18)*(3-0.397111*log(x+18))+0.0196833354851" 
0, mujets, up_uncorrelated, 0, -2.5, 2.5, 140, 200, 0, 1, "1.05497+-0.00298783*log(x+19)*log(x+18)*(3-0.397111*log(x+18))+0.031914277831" 
0, mujets, up_uncorrelated, 0, -2.5, 2.5, 50, 70, 0, 1, "1.05497+-0.00298783*log(x+19)*log(x+18)*(3-0.397111*log(x+18))+0.00500989668391" 
0, mujets, up_uncorrelated, 0, -2.5, 2.5, 20, 30, 0, 1, "1.05497+-0.00298783*log(x+19)*log(x+18)*(3-0.397111*log(x+18))+0.0115203025862" 
0, mujets, up_uncorrelated, 0, -2.5, 2.5, 600, 1000, 0, 1, "1.05497+-0.00298783*log(x+19)*log(x+18)*(3-0.397111*log(x+18))+0.071538754615" 
0, mujets, up_uncorrelated, 0, -2.5, 2.5, 30, 50, 0, 1, "1.05497+-0.00298783*log(x+19)*log(x+18)*(3-0.397111*log(x+18))+0.00308042244469" 
1, comb, central, 1, -2.5, 2.5, 20, 1000, 0, 1, "0.921635+0.000860807*log(x+19)*log(x+18)*(3-0.139373*log(x+18))" 
1, comb, central, 0, -2.5, 2.5, 20, 1000, 0, 1, "0.921635+0.000860807*log(x+19)*log(x+18)*(3-0.139373*log(x+18))" 
1, comb, down, 1, -2.5, 2.5, 20, 30, 0, 1, "0.921635+0.000860807*log(x+19)*log(x+18)*(3-0.139373*log(x+18))-0.097871556878089905" 
1, comb, down, 1, -2.5, 2.5, 30, 50, 0, 1, "0.921635+0.000860807*log(x+19)*log(x+18)*(3-0.139373*log(x+18))-0.031203512102365494" 
1, comb, down, 1, -2.5, 2.5, 50, 70, 0, 1, "0.921635+0.000860807*log(x+19)*log(x+18)*(3-0.139373*log(x+18))-0.0465109683573246" 
1, comb, down, 1, -2.5, 2.5, 70, 100, 0, 1, "0.921635+0.000860807*log(x+19)*log(x+18)*(3-0.139373*log(x+18))-0.04460114985704422" 
1, comb, down, 1, -2.5, 2.5, 100, 140, 0, 1, "0.921635+0.000860807*log(x+19)*log(x+18)*(3-0.139373*log(x+18))-0.036481857299804688" 
1, comb, down, 1, -2.5, 2.5, 140, 200, 0, 1, "0.921635+0.000860807*log(x+19)*log(x+18)*(3-0.139373*log(x+18))-0.039599314332008362" 
1, comb, down, 1, -2.5, 2.5, 200, 300, 0, 1, "0.921635+0.000860807*log(x+19)*log(x+18)*(3-0.139373*log(x+18))-0.24692201614379883" 
1, comb, down, 1, -2.5, 2.5, 300, 600, 0, 1, "0.921635+0.000860807*log(x+19)*log(x+18)*(3-0.139373*log(x+18))-0.18471802771091461" 
1, comb, down, 1, -2.5, 2.5, 600, 1000, 0, 1, "0.921635+0.000860807*log(x+19)*log(x+18)*(3-0.139373*log(x+18))-0.23701769113540649" 
1, comb, down, 0, -2.5, 2.5, 20, 30, 0, 1, "0.921635+0.000860807*log(x+19)*log(x+18)*(3-0.139373*log(x+18))-0.032623853534460068" 
1, comb, down, 0, -2.5, 2.5, 30, 50, 0, 1, "0.921635+0.000860807*log(x+19)*log(x+18)*(3-0.139373*log(x+18))-0.010401170700788498" 
1, comb, down, 0, -2.5, 2.5, 50, 70, 0, 1, "0.921635+0.000860807*log(x+19)*log(x+18)*(3-0.139373*log(x+18))-0.0155036561191082" 
1, comb, down, 0, -2.5, 2.5, 70, 100, 0, 1, "0.921635+0.000860807*log(x+19)*log(x+18)*(3-0.139373*log(x+18))-0.014867049641907215" 
1, comb, down, 0, -2.5, 2.5, 100, 140, 0, 1, "0.921635+0.000860807*log(x+19)*log(x+18)*(3-0.139373*log(x+18))-0.012160619720816612" 
1, comb, down, 0, -2.5, 2.5, 140, 200, 0, 1, "0.921635+0.000860807*log(x+19)*log(x+18)*(3-0.139373*log(x+18))-0.013199771754443645" 
1, comb, down, 0, -2.5, 2.5, 200, 300, 0, 1, "0.921635+0.000860807*log(x+19)*log(x+18)*(3-0.139373*log(x+18))-0.082307338714599609" 
1, comb, down, 0, -2.5, 2.5, 300, 600, 0, 1, "0.921635+0.000860807*log(x+19)*log(x+18)*(3-0.139373*log(x+18))-0.061572674661874771" 
1, comb, down, 0, -2.5, 2.5, 600, 1000, 0, 1, "0.921635+0.000860807*log(x+19)*log(x+18)*(3-0.139373*log(x+18))-0.079005897045135498" 
1, comb, down_correlated, 1, -2.5, 2.5, 100, 140, 0, 1, "0.921635+0.000860807*log(x+19)*log(x+18)*(3-0.139373*log(x+18))-0.0105916267718" 
1, comb, down_correlated, 1, -2.5, 2.5, 70, 100, 0, 1, "0.921635+0.000860807*log(x+19)*log(x+18)*(3-0.139373*log(x+18))-0.0226921972222" 
1, comb, down_correlated, 1, -2.5, 2.5, 200, 300, 0, 1, "0.921635+0.000860807*log(x+19)*log(x+18)*(3-0.139373*log(x+18))-0.226551282152" 
1, comb, down_correlated, 1, -2.5, 2.5, 300, 600, 0, 1, "0.921635+0.000860807*log(x+19)*log(x+18)*(3-0.139373*log(x+18))-0.146637781864" 
1, comb, down_correlated, 1, -2.5, 2.5, 140, 200, 0, 1, "0.921635+0.000860807*log(x+19)*log(x+18)*(3-0.139373*log(x+18))-0.0114674722944" 
1, comb, down_correlated, 1, -2.5, 2.5, 50, 70, 0, 1, "0.921635+0.000860807*log(x+19)*log(x+18)*(3-0.139373*log(x+18))-0.032568208922" 
1, comb, down_correlated, 1, -2.5, 2.5, 20, 30, 0, 1, "0.921635+0.000860807*log(x+19)*log(x+18)*(3-0.139373*log(x+18))-0.0765702024827" 
1, comb, down_correlated, 1, -2.5, 2.5, 600, 1000, 0, 1, "0.921635+0.000860807*log(x+19)*log(x+18)*(3-0.139373*log(x+18))-0.113721804526" 
1, comb, down_correlated, 1, -2.5, 2.5, 30, 50, 0, 1, "0.921635+0.000860807*log(x+19)*log(x+18)*(3-0.139373*log(x+18))-0.023515750883" 
1, comb, down_correlated, 0, -2.5, 2.5, 100, 140, 0, 1, "0.921635+0.000860807*log(x+19)*log(x+18)*(3-0.139373*log(x+18))-0.00353054439629" 
1, comb, down_correlated, 0, -2.5, 2.5, 70, 100, 0, 1, "0.921635+0.000860807*log(x+19)*log(x+18)*(3-0.139373*log(x+18))-0.00756406460474" 
1, comb, down_correlated, 0, -2.5, 2.5, 200, 300, 0, 1, "0.921635+0.000860807*log(x+19)*log(x+18)*(3-0.139373*log(x+18))-0.075517094304" 
1, comb, down_correlated, 0, -2.5, 2.5, 300, 600, 0, 1, "0.921635+0.000860807*log(x+19)*log(x+18)*(3-0.139373*log(x+18))-0.0488792590426" 
1, comb, down_correlated, 0, -2.5, 2.5, 140, 200, 0, 1, "0.921635+0.000860807*log(x+19)*log(x+18)*(3-0.139373*log(x+18))-0.00382249286724" 
1, comb, down_correlated, 0, -2.5, 2.5, 50, 70, 0, 1, "0.921635+0.000860807*log(x+19)*log(x+18)*(3-0.139373*log(x+18))-0.0108560702719" 
1, comb, down_correlated, 0, -2.5, 2.5, 20, 30, 0, 1, "0.921635+0.000860807*log(x+19)*log(x+18)*(3-0.139373*log(x+18))-0.0255234028376" 
1, comb, down_correlated, 0, -2.5, 2.5, 600, 1000, 0, 1, "0.921635+0.000860807*log(x+19)*log(x+18)*(3-0.139373*log(x+18))-0.0379072726969" 
1, comb, down_correlated, 0, -2.5, 2.5, 30, 50, 0, 1, "0.921635+0.000860807*log(x+19)*log(x+18)*(3-0.139373*log(x+18))-0.00783858374879" 
1, comb, down_uncorrelated, 1, -2.5, 2.5, 100, 140, 0, 1, "0.921635+0.000860807*log(x+19)*log(x+18)*(3-0.139373*log(x+18))-0.0349105049286" 
1, comb, down_uncorrelated, 1, -2.5, 2.5, 70, 100, 0, 1, "0.921635+0.000860807*log(x+19)*log(x+18)*(3-0.139373*log(x+18))-0.03839696282" 
1, comb, down_uncorrelated, 1, -2.5, 2.5, 200, 300, 0, 1, "0.921635+0.000860807*log(x+19)*log(x+18)*(3-0.139373*log(x+18))-0.0982089538281" 
1, comb, down_uncorrelated, 1, -2.5, 2.5, 300, 600, 0, 1, "0.921635+0.000860807*log(x+19)*log(x+18)*(3-0.139373*log(x+18))-0.112330364067" 
1, comb, down_uncorrelated, 1, -2.5, 2.5, 140, 200, 0, 1, "0.921635+0.000860807*log(x+19)*log(x+18)*(3-0.139373*log(x+18))-0.0379025431171" 
1, comb, down_uncorrelated, 1, -2.5, 2.5, 50, 70, 0, 1, "0.921635+0.000860807*log(x+19)*log(x+18)*(3-0.139373*log(x+18))-0.033205149377" 
1, comb, down_uncorrelated, 1, -2.5, 2.5, 20, 30, 0, 1, "0.921635+0.000860807*log(x+19)*log(x+18)*(3-0.139373*log(x+18))-0.0609577373062" 
1, comb, down_uncorrelated, 1, -2.5, 2.5, 600, 1000, 0, 1, "0.921635+0.000860807*log(x+19)*log(x+18)*(3-0.139373*log(x+18))-0.207953689764" 
1, comb, down_uncorrelated, 1, -2.5, 2.5, 30, 50, 0, 1, "0.921635+0.000860807*log(x+19)*log(x+18)*(3-0.139373*log(x+18))-0.0205102078958" 
1, comb, down_uncorrelated, 0, -2.5, 2.5, 100, 140, 0, 1, "0.921635+0.000860807*log(x+19)*log(x+18)*(3-0.139373*log(x+18))-0.0116368349761" 
1, comb, down_uncorrelated, 0, -2.5, 2.5, 70, 100, 0, 1, "0.921635+0.000860807*log(x+19)*log(x+18)*(3-0.139373*log(x+18))-0.0127989879174" 
1, comb, down_uncorrelated, 0, -2.5, 2.5, 200, 300, 0, 1, "0.921635+0.000860807*log(x+19)*log(x+18)*(3-0.139373*log(x+18))-0.032736317358" 
1, comb, down_uncorrelated, 0, -2.5, 2.5, 300, 600, 0, 1, "0.921635+0.000860807*log(x+19)*log(x+18)*(3-0.139373*log(x+18))-0.0374434547079" 
1, comb, down_uncorrelated, 0, -2.5, 2.5, 140, 200, 0, 1, "0.921635+0.000860807*log(x+19)*log(x+18)*(3-0.139373*log(x+18))-0.0126341807273" 
1, comb, down_uncorrelated, 0, -2.5, 2.5, 50, 70, 0, 1, "0.921635+0.000860807*log(x+19)*log(x+18)*(3-0.139373*log(x+18))-0.0110683825066" 
1, comb, down_uncorrelated, 0, -2.5, 2.5, 20, 30, 0, 1, "0.921635+0.000860807*log(x+19)*log(x+18)*(3-0.139373*log(x+18))-0.0203192452377" 
1, comb, down_uncorrelated, 0, -2.5, 2.5, 600, 1000, 0, 1, "0.921635+0.000860807*log(x+19)*log(x+18)*(3-0.139373*log(x+18))-0.0693178941154" 
1, comb, down_uncorrelated, 0, -2.5, 2.5, 30, 50, 0, 1, "0.921635+0.000860807*log(x+19)*log(x+18)*(3-0.139373*log(x+18))-0.00683673582641" 
1, comb, up, 1, -2.5, 2.5, 20, 30, 0, 1, "0.921635+0.000860807*log(x+19)*log(x+18)*(3-0.139373*log(x+18))+0.097871556878089905" 
1, comb, up, 1, -2.5, 2.5, 30, 50, 0, 1, "0.921635+0.000860807*log(x+19)*log(x+18)*(3-0.139373*log(x+18))+0.031203512102365494" 
1, comb, up, 1, -2.5, 2.5, 50, 70, 0, 1, "0.921635+0.000860807*log(x+19)*log(x+18)*(3-0.139373*log(x+18))+0.0465109683573246" 
1, comb, up, 1, -2.5, 2.5, 70, 100, 0, 1, "0.921635+0.000860807*log(x+19)*log(x+18)*(3-0.139373*log(x+18))+0.04460114985704422" 
1, comb, up, 1, -2.5, 2.5, 100, 140, 0, 1, "0.921635+0.000860807*log(x+19)*log(x+18)*(3-0.139373*log(x+18))+0.036481857299804688" 
1, comb, up, 1, -2.5, 2.5, 140, 200, 0, 1, "0.921635+0.000860807*log(x+19)*log(x+18)*(3-0.139373*log(x+18))+0.039599314332008362" 
1, comb, up, 1, -2.5, 2.5, 200, 300, 0, 1, "0.921635+0.000860807*log(x+19)*log(x+18)*(3-0.139373*log(x+18))+0.24692201614379883" 
1, comb, up, 1, -2.5, 2.5, 300, 600, 0, 1, "0.921635+0.000860807*log(x+19)*log(x+18)*(3-0.139373*log(x+18))+0.18471802771091461" 
1, comb, up, 1, -2.5, 2.5, 600, 1000, 0, 1, "0.921635+0.000860807*log(x+19)*log(x+18)*(3-0.139373*log(x+18))+0.23701769113540649" 
1, comb, up, 0, -2.5, 2.5, 20, 30, 0, 1, "0.921635+0.000860807*log(x+19)*log(x+18)*(3-0.139373*log(x+18))+0.032623853534460068" 
1, comb, up, 0, -2.5, 2.5, 30, 50, 0, 1, "0.921635+0.000860807*log(x+19)*log(x+18)*(3-0.139373*log(x+18))+0.010401170700788498" 
1, comb, up, 0, -2.5, 2.5, 50, 70, 0, 1, "0.921635+0.000860807*log(x+19)*log(x+18)*(3-0.139373*log(x+18))+0.0155036561191082" 
1, comb, up, 0, -2.5, 2.5, 70, 100, 0, 1, "0.921635+0.000860807*log(x+19)*log(x+18)*(3-0.139373*log(x+18))+0.014867049641907215" 
1, comb, up, 0, -2.5, 2.5, 100, 140, 0, 1, "0.921635+0.000860807*log(x+19)*log(x+18)*(3-0.139373*log(x+18))+0.012160619720816612" 
1, comb, up, 0, -2.5, 2.5, 140, 200, 0, 1, "0.921635+0.000860807*log(x+19)*log(x+18)*(3-0.139373*log(x+18))+0.013199771754443645" 
1, comb, up, 0, -2.5, 2.5, 200, 300, 0, 1, "0.921635+0.000860807*log(x+19)*log(x+18)*(3-0.139373*log(x+18))+0.082307338714599609" 
1, comb, up, 0, -2.5, 2.5, 300, 600, 0, 1, "0.921635+0.000860807*log(x+19)*log(x+18)*(3-0.139373*log(x+18))+0.061572674661874771" 
1, comb, up, 0, -2.5, 2.5, 600, 1000, 0, 1, "0.921635+0.000860807*log(x+19)*log(x+18)*(3-0.139373*log(x+18))+0.079005897045135498" 
1, comb, up_correlated, 1, -2.5, 2.5, 100, 140, 0, 1, "0.921635+0.000860807*log(x+19)*log(x+18)*(3-0.139373*log(x+18))+0.0105916267718" 
1, comb, up_correlated, 1, -2.5, 2.5, 70, 100, 0, 1, "0.921635+0.000860807*log(x+19)*log(x+18)*(3-0.139373*log(x+18))+0.0226921972222" 
1, comb, up_correlated, 1, -2.5, 2.5, 200, 300, 0, 1, "0.921635+0.000860807*log(x+19)*log(x+18)*(3-0.139373*log(x+18))+0.226551282152" 
1, comb, up_correlated, 1, -2.5, 2.5, 300, 600, 0, 1, "0.921635+0.000860807*log(x+19)*log(x+18)*(3-0.139373*log(x+18))+0.146637781864" 
1, comb, up_correlated, 1, -2.5, 2.5, 140, 200, 0, 1, "0.921635+0.000860807*log(x+19)*log(x+18)*(3-0.139373*log(x+18))+0.0114674722944" 
1, comb, up_correlated, 1, -2.5, 2.5, 50, 70, 0, 1, "0.921635+0.000860807*log(x+19)*log(x+18)*(3-0.139373*log(x+18))+0.032568208922" 
1, comb, up_correlated, 1, -2.5, 2.5, 20, 30, 0, 1, "0.921635+0.000860807*log(x+19)*log(x+18)*(3-0.139373*log(x+18))+0.0765702024827" 
1, comb, up_correlated, 1, -2.5, 2.5, 600, 1000, 0, 1, "0.921635+0.000860807*log(x+19)*log(x+18)*(3-0.139373*log(x+18))+0.113721804526" 
1, comb, up_correlated, 1, -2.5, 2.5, 30, 50, 0, 1, "0.921635+0.000860807*log(x+19)*log(x+18)*(3-0.139373*log(x+18))+0.023515750883" 
1, comb, up_correlated, 0, -2.5, 2.5, 100, 140, 0, 1, "0.921635+0.000860807*log(x+19)*log(x+18)*(3-0.139373*log(x+18))+0.00353054439629" 
1, comb, up_correlated, 0, -2.5, 2.5, 70, 100, 0, 1, "0.921635+0.000860807*log(x+19)*log(x+18)*(3-0.139373*log(x+18))+0.00756406460474" 
1, comb, up_correlated, 0, -2.5, 2.5, 200, 300, 0, 1, "0.921635+0.000860807*log(x+19)*log(x+18)*(3-0.139373*log(x+18))+0.075517094304" 
1, comb, up_correlated, 0, -2.5, 2.5, 300, 600, 0, 1, "0.921635+0.000860807*log(x+19)*log(x+18)*(3-0.139373*log(x+18))+0.0488792590426" 
1, comb, up_correlated, 0, -2.5, 2.5, 140, 200, 0, 1, "0.921635+0.000860807*log(x+19)*log(x+18)*(3-0.139373*log(x+18))+0.00382249286724" 
1, comb, up_correlated, 0, -2.5, 2.5, 50, 70, 0, 1, "0.921635+0.000860807*log(x+19)*log(x+18)*(3-0.139373*log(x+18))+0.0108560702719" 
1, comb, up_correlated, 0, -2.5, 2.5, 20, 30, 0, 1, "0.921635+0.000860807*log(x+19)*log(x+18)*(3-0.139373*log(x+18))+0.0255234028376" 
1, comb, up_correlated, 0, -2.5, 2.5, 600, 1000, 0, 1, "0.921635+0.000860807*log(x+19)*log(x+18)*(3-0.139373*log(x+18))+0.0379072726969" 
1, comb, up_correlated, 0, -2.5, 2.5, 30, 50, 0, 1, "0.921635+0.000860807*log(x+19)*log(x+18)*(3-0.139373*log(x+18))+0.00783858374879" 
1, comb, up_uncorrelated, 1, -2.5, 2.5, 100, 140, 0, 1, "0.921635+0.000860807*log(x+19)*log(x+18)*(3-0.139373*log(x+18))+0.0349105049286" 
1, comb, up_uncorrelated, 1, -2.5, 2.5, 70, 100, 0, 1, "0.921635+0.000860807*log(x+19)*log(x+18)*(3-0.139373*log(x+18))+0.03839696282" 
1, comb, up_uncorrelated, 1, -2.5, 2.5, 200, 300, 0, 1, "0.921635+0.000860807*log(x+19)*log(x+18)*(3-0.139373*log(x+18))+0.0982089538281" 
1, comb, up_uncorrelated, 1, -2.5, 2.5, 300, 600, 0, 1, "0.921635+0.000860807*log(x+19)*log(x+18)*(3-0.139373*log(x+18))+0.112330364067" 
1, comb, up_uncorrelated, 1, -2.5, 2.5, 140, 200, 0, 1, "0.921635+0.000860807*log(x+19)*log(x+18)*(3-0.139373*log(x+18))+0.0379025431171" 
1, comb, up_uncorrelated, 1, -2.5, 2.5, 50, 70, 0, 1, "0.921635+0.000860807*log(x+19)*log(x+18)*(3-0.139373*log(x+18))+0.033205149377" 
1, comb, up_uncorrelated, 1, -2.5, 2.5, 20, 30, 0, 1, "0.921635+0.000860807*log(x+19)*log(x+18)*(3-0.139373*log(x+18))+0.0609577373062" 
1, comb, up_uncorrelated, 1, -2.5, 2.5, 600, 1000, 0, 1, "0.921635+0.000860807*log(x+19)*log(x+18)*(3-0.139373*log(x+18))+0.207953689764" 
1, comb, up_uncorrelated, 1, -2.5, 2.5, 30, 50, 0, 1, "0.921635+0.000860807*log(x+19)*log(x+18)*(3-0.139373*log(x+18))+0.0205102078958" 
1, comb, up_uncorrelated, 0, -2.5, 2.5, 100, 140, 0, 1, "0.921635+0.000860807*log(x+19)*log(x+18)*(3-0.139373*log(x+18))+0.0116368349761" 
1, comb, up_uncorrelated, 0, -2.5, 2.5, 70, 100, 0, 1, "0.921635+0.000860807*log(x+19)*log(x+18)*(3-0.139373*log(x+18))+0.0127989879174" 
1, comb, up_uncorrelated, 0, -2.5, 2.5, 200, 300, 0, 1, "0.921635+0.000860807*log(x+19)*log(x+18)*(3-0.139373*log(x+18))+0.032736317358" 
1, comb, up_uncorrelated, 0, -2.5, 2.5, 300, 600, 0, 1, "0.921635+0.000860807*log(x+19)*log(x+18)*(3-0.139373*log(x+18))+0.0374434547079" 
1, comb, up_uncorrelated, 0, -2.5, 2.5, 140, 200, 0, 1, "0.921635+0.000860807*log(x+19)*log(x+18)*(3-0.139373*log(x+18))+0.0126341807273" 
1, comb, up_uncorrelated, 0, -2.5, 2.5, 50, 70, 0, 1, "0.921635+0.000860807*log(x+19)*log(x+18)*(3-0.139373*log(x+18))+0.0110683825066" 
1, comb, up_uncorrelated, 0, -2.5, 2.5, 20, 30, 0, 1, "0.921635+0.000860807*log(x+19)*log(x+18)*(3-0.139373*log(x+18))+0.0203192452377" 
1, comb, up_uncorrelated, 0, -2.5, 2.5, 600, 1000, 0, 1, "0.921635+0.000860807*log(x+19)*log(x+18)*(3-0.139373*log(x+18))+0.0693178941154" 
1, comb, up_uncorrelated, 0, -2.5, 2.5, 30, 50, 0, 1, "0.921635+0.000860807*log(x+19)*log(x+18)*(3-0.139373*log(x+18))+0.00683673582641" 
1, mujets, central, 1, -2.5, 2.5, 20, 1000, 0, 1, "1.14598+-0.00768627*log(x+19)*log(x+18)*(3-0.392337*log(x+18))" 
1, mujets, central, 0, -2.5, 2.5, 20, 1000, 0, 1, "1.14598+-0.00768627*log(x+19)*log(x+18)*(3-0.392337*log(x+18))" 
1, mujets, down, 1, -2.5, 2.5, 20, 30, 0, 1, "1.14598+-0.00768627*log(x+19)*log(x+18)*(3-0.392337*log(x+18))-0.10130481421947479" 
1, mujets, down, 1, -2.5, 2.5, 30, 50, 0, 1, "1.14598+-0.00768627*log(x+19)*log(x+18)*(3-0.392337*log(x+18))-0.035399273037910461" 
1, mujets, down, 1, -2.5, 2.5, 50, 70, 0, 1, "1.14598+-0.00768627*log(x+19)*log(x+18)*(3-0.392337*log(x+18))-0.068935662508010864" 
1, mujets, down, 1, -2.5, 2.5, 70, 100, 0, 1, "1.14598+-0.00768627*log(x+19)*log(x+18)*(3-0.392337*log(x+18))-0.0999307781457901" 
1, mujets, down, 1, -2.5, 2.5, 100, 140, 0, 1, "1.14598+-0.00768627*log(x+19)*log(x+18)*(3-0.392337*log(x+18))-0.15480697154998779" 
1, mujets, down, 1, -2.5, 2.5, 140, 200, 0, 1, "1.14598+-0.00768627*log(x+19)*log(x+18)*(3-0.392337*log(x+18))-0.14670386910438538" 
1, mujets, down, 1, -2.5, 2.5, 200, 300, 0, 1, "1.14598+-0.00768627*log(x+19)*log(x+18)*(3-0.392337*log(x+18))-0.31118926405906677" 
1, mujets, down, 1, -2.5, 2.5, 300, 600, 0, 1, "1.14598+-0.00768627*log(x+19)*log(x+18)*(3-0.392337*log(x+18))-0.20339161157608032" 
1, mujets, down, 1, -2.5, 2.5, 600, 1000, 0, 1, "1.14598+-0.00768627*log(x+19)*log(x+18)*(3-0.392337*log(x+18))-0.24076934158802032" 
1, mujets, down, 0, -2.5, 2.5, 20, 30, 0, 1, "1.14598+-0.00768627*log(x+19)*log(x+18)*(3-0.392337*log(x+18))-0.033768270164728165" 
1, mujets, down, 0, -2.5, 2.5, 30, 50, 0, 1, "1.14598+-0.00768627*log(x+19)*log(x+18)*(3-0.392337*log(x+18))-0.011799757368862629" 
1, mujets, down, 0, -2.5, 2.5, 50, 70, 0, 1, "1.14598+-0.00768627*log(x+19)*log(x+18)*(3-0.392337*log(x+18))-0.022978555411100388" 
1, mujets, down, 0, -2.5, 2.5, 70, 100, 0, 1, "1.14598+-0.00768627*log(x+19)*log(x+18)*(3-0.392337*log(x+18))-0.033310260623693466" 
1, mujets, down, 0, -2.5, 2.5, 100, 140, 0, 1, "1.14598+-0.00768627*log(x+19)*log(x+18)*(3-0.392337*log(x+18))-0.051602326333522797" 
1, mujets, down, 0, -2.5, 2.5, 140, 200, 0, 1, "1.14598+-0.00768627*log(x+19)*log(x+18)*(3-0.392337*log(x+18))-0.048901289701461792" 
1, mujets, down, 0, -2.5, 2.5, 200, 300, 0, 1, "1.14598+-0.00768627*log(x+19)*log(x+18)*(3-0.392337*log(x+18))-0.10372975468635559" 
1, mujets, down, 0, -2.5, 2.5, 300, 600, 0, 1, "1.14598+-0.00768627*log(x+19)*log(x+18)*(3-0.392337*log(x+18))-0.067797206342220306" 
1, mujets, down, 0, -2.5, 2.5, 600, 1000, 0, 1, "1.14598+-0.00768627*log(x+19)*log(x+18)*(3-0.392337*log(x+18))-0.080256447196006775" 
1, mujets, down_correlated, 1, -2.5, 2.5, 100, 140, 0, 1, "1.14598+-0.00768627*log(x+19)*log(x+18)*(3-0.392337*log(x+18))-0.13565330774" 
1, mujets, down_correlated, 1, -2.5, 2.5, 70, 100, 0, 1, "1.14598+-0.00768627*log(x+19)*log(x+18)*(3-0.392337*log(x+18))-0.0939822396665" 
1, mujets, down_correlated, 1, -2.5, 2.5, 200, 300, 0, 1, "1.14598+-0.00768627*log(x+19)*log(x+18)*(3-0.392337*log(x+18))-0.273832081568" 
1, mujets, down_correlated, 1, -2.5, 2.5, 300, 600, 0, 1, "1.14598+-0.00768627*log(x+19)*log(x+18)*(3-0.392337*log(x+18))-0.149929757145" 
1, mujets, down_correlated, 1, -2.5, 2.5, 140, 200, 0, 1, "1.14598+-0.00768627*log(x+19)*log(x+18)*(3-0.392337*log(x+18))-0.119726978235" 
1, mujets, down_correlated, 1, -2.5, 2.5, 50, 70, 0, 1, "1.14598+-0.00768627*log(x+19)*log(x+18)*(3-0.392337*log(x+18))-0.066274129989" 
1, mujets, down_correlated, 1, -2.5, 2.5, 20, 30, 0, 1, "1.14598+-0.00768627*log(x+19)*log(x+18)*(3-0.392337*log(x+18))-0.0793628828958" 
1, mujets, down_correlated, 1, -2.5, 2.5, 600, 1000, 0, 1, "1.14598+-0.00768627*log(x+19)*log(x+18)*(3-0.392337*log(x+18))-0.1161849361" 
1, mujets, down_correlated, 1, -2.5, 2.5, 30, 50, 0, 1, "1.14598+-0.00768627*log(x+19)*log(x+18)*(3-0.392337*log(x+18))-0.0296461440906" 
1, mujets, down_correlated, 0, -2.5, 2.5, 100, 140, 0, 1, "1.14598+-0.00768627*log(x+19)*log(x+18)*(3-0.392337*log(x+18))-0.0452177720842" 
1, mujets, down_correlated, 0, -2.5, 2.5, 70, 100, 0, 1, "1.14598+-0.00768627*log(x+19)*log(x+18)*(3-0.392337*log(x+18))-0.0313274145425" 
1, mujets, down_correlated, 0, -2.5, 2.5, 200, 300, 0, 1, "1.14598+-0.00768627*log(x+19)*log(x+18)*(3-0.392337*log(x+18))-0.0912773593036" 
1, mujets, down_correlated, 0, -2.5, 2.5, 300, 600, 0, 1, "1.14598+-0.00768627*log(x+19)*log(x+18)*(3-0.392337*log(x+18))-0.0499765901936" 
1, mujets, down_correlated, 0, -2.5, 2.5, 140, 200, 0, 1, "1.14598+-0.00768627*log(x+19)*log(x+18)*(3-0.392337*log(x+18))-0.0399089936284" 
1, mujets, down_correlated, 0, -2.5, 2.5, 50, 70, 0, 1, "1.14598+-0.00768627*log(x+19)*log(x+18)*(3-0.392337*log(x+18))-0.0220913778709" 
1, mujets, down_correlated, 0, -2.5, 2.5, 20, 30, 0, 1, "1.14598+-0.00768627*log(x+19)*log(x+18)*(3-0.392337*log(x+18))-0.0264542925373" 
1, mujets, down_correlated, 0, -2.5, 2.5, 600, 1000, 0, 1, "1.14598+-0.00768627*log(x+19)*log(x+18)*(3-0.392337*log(x+18))-0.0387283120593" 
1, mujets, down_correlated, 0, -2.5, 2.5, 30, 50, 0, 1, "1.14598+-0.00768627*log(x+19)*log(x+18)*(3-0.392337*log(x+18))-0.00988204746849" 
1, mujets, down_uncorrelated, 1, -2.5, 2.5, 100, 140, 0, 1, "1.14598+-0.00768627*log(x+19)*log(x+18)*(3-0.392337*log(x+18))-0.074588058961" 
1, mujets, down_uncorrelated, 1, -2.5, 2.5, 70, 100, 0, 1, "1.14598+-0.00768627*log(x+19)*log(x+18)*(3-0.392337*log(x+18))-0.0339632013817" 
1, mujets, down_uncorrelated, 1, -2.5, 2.5, 200, 300, 0, 1, "1.14598+-0.00768627*log(x+19)*log(x+18)*(3-0.392337*log(x+18))-0.147833518425" 
1, mujets, down_uncorrelated, 1, -2.5, 2.5, 300, 600, 0, 1, "1.14598+-0.00768627*log(x+19)*log(x+18)*(3-0.392337*log(x+18))-0.137438042703" 
1, mujets, down_uncorrelated, 1, -2.5, 2.5, 140, 200, 0, 1, "1.14598+-0.00768627*log(x+19)*log(x+18)*(3-0.392337*log(x+18))-0.0847789826138" 
1, mujets, down_uncorrelated, 1, -2.5, 2.5, 50, 70, 0, 1, "1.14598+-0.00768627*log(x+19)*log(x+18)*(3-0.392337*log(x+18))-0.0189701149079" 
1, mujets, down_uncorrelated, 1, -2.5, 2.5, 20, 30, 0, 1, "1.14598+-0.00768627*log(x+19)*log(x+18)*(3-0.392337*log(x+18))-0.0629618789627" 
1, mujets, down_uncorrelated, 1, -2.5, 2.5, 600, 1000, 0, 1, "1.14598+-0.00768627*log(x+19)*log(x+18)*(3-0.392337*log(x+18))-0.210881332678" 
1, mujets, down_uncorrelated, 1, -2.5, 2.5, 30, 50, 0, 1, "1.14598+-0.00768627*log(x+19)*log(x+18)*(3-0.392337*log(x+18))-0.0193446290265" 
1, mujets, down_uncorrelated, 0, -2.5, 2.5, 100, 140, 0, 1, "1.14598+-0.00768627*log(x+19)*log(x+18)*(3-0.392337*log(x+18))-0.0248626863144" 
1, mujets, down_uncorrelated, 0, -2.5, 2.5, 70, 100, 0, 1, "1.14598+-0.00768627*log(x+19)*log(x+18)*(3-0.392337*log(x+18))-0.0113210671272" 
1, mujets, down_uncorrelated, 0, -2.5, 2.5, 200, 300, 0, 1, "1.14598+-0.00768627*log(x+19)*log(x+18)*(3-0.392337*log(x+18))-0.0492778417329" 
1, mujets, down_uncorrelated, 0, -2.5, 2.5, 300, 600, 0, 1, "1.14598+-0.00768627*log(x+19)*log(x+18)*(3-0.392337*log(x+18))-0.0458126796906" 
1, mujets, down_uncorrelated, 0, -2.5, 2.5, 140, 200, 0, 1, "1.14598+-0.00768627*log(x+19)*log(x+18)*(3-0.392337*log(x+18))-0.0282596596234" 
1, mujets, down_uncorrelated, 0, -2.5, 2.5, 50, 70, 0, 1, "1.14598+-0.00768627*log(x+19)*log(x+18)*(3-0.392337*log(x+18))-0.00632337192845" 
1, mujets, down_uncorrelated, 0, -2.5, 2.5, 20, 30, 0, 1, "1.14598+-0.00768627*log(x+19)*log(x+18)*(3-0.392337*log(x+18))-0.0209872932096" 
1, mujets, down_uncorrelated, 0, -2.5, 2.5, 600, 1000, 0, 1, "1.14598+-0.00768627*log(x+19)*log(x+18)*(3-0.392337*log(x+18))-0.0702937775451" 
1, mujets, down_uncorrelated, 0, -2.5, 2.5, 30, 50, 0, 1, "1.14598+-0.00768627*log(x+19)*log(x+18)*(3-0.392337*log(x+18))-0.00644820996824" 
1, mujets, up, 1, -2.5, 2.5, 20, 30, 0, 1, "1.14598+-0.00768627*log(x+19)*log(x+18)*(3-0.392337*log(x+18))+0.10130481421947479" 
1, mujets, up, 1, -2.5, 2.5, 30, 50, 0, 1, "1.14598+-0.00768627*log(x+19)*log(x+18)*(3-0.392337*log(x+18))+0.035399273037910461" 
1, mujets, up, 1, -2.5, 2.5, 50, 70, 0, 1, "1.14598+-0.00768627*log(x+19)*log(x+18)*(3-0.392337*log(x+18))+0.068935662508010864" 
1, mujets, up, 1, -2.5, 2.5, 70, 100, 0, 1, "1.14598+-0.00768627*log(x+19)*log(x+18)*(3-0.392337*log(x+18))+0.0999307781457901" 
1, mujets, up, 1, -2.5, 2.5, 100, 140, 0, 1, "1.14598+-0.00768627*log(x+19)*log(x+18)*(3-0.392337*log(x+18))+0.15480697154998779" 
1, mujets, up, 1, -2.5, 2.5, 140, 200, 0, 1, "1.14598+-0.00768627*log(x+19)*log(x+18)*(3-0.392337*log(x+18))+0.14670386910438538" 
1, mujets, up, 1, -2.5, 2.5, 200, 300, 0, 1, "1.14598+-0.00768627*log(x+19)*log(x+18)*(3-0.392337*log(x+18))+0.31118926405906677" 
1, mujets, up, 1, -2.5, 2.5, 300, 600, 0, 1, "1.14598+-0.00768627*log(x+19)*log(x+18)*(3-0.392337*log(x+18))+0.20339161157608032" 
1, mujets, up, 1, -2.5, 2.5, 600, 1000, 0, 1, "1.14598+-0.00768627*log(x+19)*log(x+18)*(3-0.392337*log(x+18))+0.24076934158802032" 
1, mujets, up, 0, -2.5, 2.5, 20, 30, 0, 1, "1.14598+-0.00768627*log(x+19)*log(x+18)*(3-0.392337*log(x+18))+0.033768270164728165" 
1, mujets, up, 0, -2.5, 2.5, 30, 50, 0, 1, "1.14598+-0.00768627*log(x+19)*log(x+18)*(3-0.392337*log(x+18))+0.011799757368862629" 
1, mujets, up, 0, -2.5, 2.5, 50, 70, 0, 1, "1.14598+-0.00768627*log(x+19)*log(x+18)*(3-0.392337*log(x+18))+0.022978555411100388" 
1, mujets, up, 0, -2.5, 2.5, 70, 100, 0, 1, "1.14598+-0.00768627*log(x+19)*log(x+18)*(3-0.392337*log(x+18))+0.033310260623693466" 
1, mujets, up, 0, -2.5, 2.5, 100, 140, 0, 1, "1.14598+-0.00768627*log(x+19)*log(x+18)*(3-0.392337*log(x+18))+0.051602326333522797" 
1, mujets, up, 0, -2.5, 2.5, 140, 200, 0, 1, "1.14598+-0.00768627*log(x+19)*log(x+18)*(3-0.392337*log(x+18))+0.048901289701461792" 
1, mujets, up, 0, -2.5, 2.5, 200, 300, 0, 1, "1.14598+-0.00768627*log(x+19)*log(x+18)*(3-0.392337*log(x+18))+0.10372975468635559" 
1, mujets, up, 0, -2.5, 2.5, 300, 600, 0, 1, "1.14598+-0.00768627*log(x+19)*log(x+18)*(3-0.392337*log(x+18))+0.067797206342220306" 
1, mujets, up, 0, -2.5, 2.5, 600, 1000, 0, 1, "1.14598+-0.00768627*log(x+19)*log(x+18)*(3-0.392337*log(x+18))+0.080256447196006775" 
1, mujets, up_correlated, 1, -2.5, 2.5, 100, 140, 0, 1, "1.14598+-0.00768627*log(x+19)*log(x+18)*(3-0.392337*log(x+18))+0.13565330774" 
1, mujets, up_correlated, 1, -2.5, 2.5, 70, 100, 0, 1, "1.14598+-0.00768627*log(x+19)*log(x+18)*(3-0.392337*log(x+18))+0.0939822396665" 
1, mujets, up_correlated, 1, -2.5, 2.5, 200, 300, 0, 1, "1.14598+-0.00768627*log(x+19)*log(x+18)*(3-0.392337*log(x+18))+0.273832081568" 
1, mujets, up_correlated, 1, -2.5, 2.5, 300, 600, 0, 1, "1.14598+-0.00768627*log(x+19)*log(x+18)*(3-0.392337*log(x+18))+0.149929757145" 
1, mujets, up_correlated, 1, -2.5, 2.5, 140, 200, 0, 1, "1.14598+-0.00768627*log(x+19)*log(x+18)*(3-0.392337*log(x+18))+0.119726978235" 
1, mujets, up_correlated, 1, -2.5, 2.5, 50, 70, 0, 1, "1.14598+-0.00768627*log(x+19)*log(x+18)*(3-0.392337*log(x+18))+0.066274129989" 
1, mujets, up_correlated, 1, -2.5, 2.5, 20, 30, 0, 1, "1.14598+-0.00768627*log(x+19)*log(x+18)*(3-0.392337*log(x+18))+0.0793628828958" 
1, mujets, up_correlated, 1, -2.5, 2.5, 600, 1000, 0, 1, "1.14598+-0.00768627*log(x+19)*log(x+18)*(3-0.392337*log(x+18))+0.1161849361" 
1, mujets, up_correlated, 1, -2.5, 2.5, 30, 50, 0, 1, "1.14598+-0.00768627*log(x+19)*log(x+18)*(3-0.392337*log(x+18))+0.0296461440906" 
1, mujets, up_correlated, 0, -2.5, 2.5, 100, 140, 0, 1, "1.14598+-0.00768627*log(x+19)*log(x+18)*(3-0.392337*log(x+18))+0.0452177720842" 
1, mujets, up_correlated, 0, -2.5, 2.5, 70, 100, 0, 1, "1.14598+-0.00768627*log(x+19)*log(x+18)*(3-0.392337*log(x+18))+0.0313274145425" 
1, mujets, up_correlated, 0, -2.5, 2.5, 200, 300, 0, 1, "1.14598+-0.00768627*log(x+19)*log(x+18)*(3-0.392337*log(x+18))+0.0912773593036" 
1, mujets, up_correlated, 0, -2.5, 2.5, 300, 600, 0, 1, "1.14598+-0.00768627*log(x+19)*log(x+18)*(3-0.392337*log(x+18))+0.0499765901936" 
1, mujets, up_correlated, 0, -2.5, 2.5, 140, 200, 0, 1, "1.14598+-0.00768627*log(x+19)*log(x+18)*(3-0.392337*log(x+18))+0.0399089936284" 
1, mujets, up_correlated, 0, -2.5, 2.5, 50, 70, 0, 1, "1.14598+-0.00768627*log(x+19)*log(x+18)*(3-0.392337*log(x+18))+0.0220913778709" 
1, mujets, up_correlated, 0, -2.5, 2.5, 20, 30, 0, 1, "1.14598+-0.00768627*log(x+19)*log(x+18)*(3-0.392337*log(x+18))+0.0264542925373" 
1, mujets, up_correlated, 0, -2.5, 2.5, 600, 1000, 0, 1, "1.14598+-0.00768627*log(x+19)*log(x+18)*(3-0.392337*log(x+18))+0.0387283120593" 
1, mujets, up_correlated, 0, -2.5, 2.5, 30, 50, 0, 1, "1.14598+-0.00768627*log(x+19)*log(x+18)*(3-0.392337*log(x+18))+0.00988204746849" 
1, mujets, up_uncorrelated, 1, -2.5, 2.5, 100, 140, 0, 1, "1.14598+-0.00768627*log(x+19)*log(x+18)*(3-0.392337*log(x+18))+0.074588058961" 
1, mujets, up_uncorrelated, 1, -2.5, 2.5, 70, 100, 0, 1, "1.14598+-0.00768627*log(x+19)*log(x+18)*(3-0.392337*log(x+18))+0.0339632013817" 
1, mujets, up_uncorrelated, 1, -2.5, 2.5, 200, 300, 0, 1, "1.14598+-0.00768627*log(x+19)*log(x+18)*(3-0.392337*log(x+18))+0.147833518425" 
1, mujets, up_uncorrelated, 1, -2.5, 2.5, 300, 600, 0, 1, "1.14598+-0.00768627*log(x+19)*log(x+18)*(3-0.392337*log(x+18))+0.137438042703" 
1, mujets, up_uncorrelated, 1, -2.5, 2.5, 140, 200, 0, 1, "1.14598+-0.00768627*log(x+19)*log(x+18)*(3-0.392337*log(x+18))+0.0847789826138" 
1, mujets, up_uncorrelated, 1, -2.5, 2.5, 50, 70, 0, 1, "1.14598+-0.00768627*log(x+19)*log(x+18)*(3-0.392337*log(x+18))+0.0189701149079" 
1, mujets, up_uncorrelated, 1, -2.5, 2.5, 20, 30, 0, 1, "1.14598+-0.00768627*log(x+19)*log(x+18)*(3-0.392337*log(x+18))+0.0629618789627" 
1, mujets, up_uncorrelated, 1, -2.5, 2.5, 600, 1000, 0, 1, "1.14598+-0.00768627*log(x+19)*log(x+18)*(3-0.392337*log(x+18))+0.210881332678" 
1, mujets, up_uncorrelated, 1, -2.5, 2.5, 30, 50, 0, 1, "1.14598+-0.00768627*log(x+19)*log(x+18)*(3-0.392337*log(x+18))+0.0193446290265" 
1, mujets, up_uncorrelated, 0, -2.5, 2.5, 100, 140, 0, 1, "1.14598+-0.00768627*log(x+19)*log(x+18)*(3-0.392337*log(x+18))+0.0248626863144" 
1, mujets, up_uncorrelated, 0, -2.5, 2.5, 70, 100, 0, 1, "1.14598+-0.00768627*log(x+19)*log(x+18)*(3-0.392337*log(x+18))+0.0113210671272" 
1, mujets, up_uncorrelated, 0, -2.5, 2.5, 200, 300, 0, 1, "1.14598+-0.00768627*log(x+19)*log(x+18)*(3-0.392337*log(x+18))+0.0492778417329" 
1, mujets, up_uncorrelated, 0, -2.5, 2.5, 300, 600, 0, 1, "1.14598+-0.00768627*log(x+19)*log(x+18)*(3-0.392337*log(x+18))+0.0458126796906" 
1, mujets, up_uncorrelated, 0, -2.5, 2.5, 140, 200, 0, 1, "1.14598+-0.00768627*log(x+19)*log(x+18)*(3-0.392337*log(x+18))+0.0282596596234" 
1, mujets, up_uncorrelated, 0, -2.5, 2.5, 50, 70, 0, 1, "1.14598+-0.00768627*log(x+19)*log(x+18)*(3-0.392337*log(x+18))+0.00632337192845" 
1, mujets, up_uncorrelated, 0, -2.5, 2.5, 20, 30, 0, 1, "1.14598+-0.00768627*log(x+19)*log(x+18)*(3-0.392337*log(x+18))+0.0209872932096" 
1, mujets, up_uncorrelated, 0, -2.5, 2.5, 600, 1000, 0, 1, "1.14598+-0.00768627*log(x+19)*log(x+18)*(3-0.392337*log(x+18))+0.0702937775451" 
1, mujets, up_uncorrelated, 0, -2.5, 2.5, 30, 50, 0, 1, "1.14598+-0.00768627*log(x+19)*log(x+18)*(3-0.392337*log(x+18))+0.00644820996824" 
2, comb, central, 1, -2.5, 2.5, 20, 1000, 0, 1, "0.869238+0.0010687*log(x+19)*log(x+18)*(3- -0.00710119*log(x+18))" 
2, comb, central, 0, -2.5, 2.5, 20, 1000, 0, 1, "0.869238+0.0010687*log(x+19)*log(x+18)*(3- -0.00710119*log(x+18))" 
2, comb, down, 1, -2.5, 2.5, 20, 30, 0, 1, "0.869238+0.0010687*log(x+19)*log(x+18)*(3- -0.00710119*log(x+18))-0.17599718272686005" 
2, comb, down, 1, -2.5, 2.5, 30, 50, 0, 1, "0.869238+0.0010687*log(x+19)*log(x+18)*(3- -0.00710119*log(x+18))-0.053741876035928726" 
2, comb, down, 1, -2.5, 2.5, 50, 70, 0, 1, "0.869238+0.0010687*log(x+19)*log(x+18)*(3- -0.00710119*log(x+18))-0.051458299160003662" 
2, comb, down, 1, -2.5, 2.5, 70, 100, 0, 1, "0.869238+0.0010687*log(x+19)*log(x+18)*(3- -0.00710119*log(x+18))-0.057268578559160233" 
2, comb, down, 1, -2.5, 2.5, 100, 140, 0, 1, "0.869238+0.0010687*log(x+19)*log(x+18)*(3- -0.00710119*log(x+18))-0.052694782614707947" 
2, comb, down, 1, -2.5, 2.5, 140, 200, 0, 1, "0.869238+0.0010687*log(x+19)*log(x+18)*(3- -0.00710119*log(x+18))-0.060715518891811371" 
2, comb, down, 1, -2.5, 2.5, 200, 300, 0, 1, "0.869238+0.0010687*log(x+19)*log(x+18)*(3- -0.00710119*log(x+18))-0.32975783944129944" 
2, comb, down, 1, -2.5, 2.5, 300, 600, 0, 1, "0.869238+0.0010687*log(x+19)*log(x+18)*(3- -0.00710119*log(x+18))-0.1707172691822052" 
2, comb, down, 1, -2.5, 2.5, 600, 1000, 0, 1, "0.869238+0.0010687*log(x+19)*log(x+18)*(3- -0.00710119*log(x+18))-0.29897284507751465" 
2, comb, down, 0, -2.5, 2.5, 20, 30, 0, 1, "0.869238+0.0010687*log(x+19)*log(x+18)*(3- -0.00710119*log(x+18))-0.050284910947084427" 
2, comb, down, 0, -2.5, 2.5, 30, 50, 0, 1, "0.869238+0.0010687*log(x+19)*log(x+18)*(3- -0.00710119*log(x+18))-0.0153548214584589" 
2, comb, down, 0, -2.5, 2.5, 50, 70, 0, 1, "0.869238+0.0010687*log(x+19)*log(x+18)*(3- -0.00710119*log(x+18))-0.014702371321618557" 
2, comb, down, 0, -2.5, 2.5, 70, 100, 0, 1, "0.869238+0.0010687*log(x+19)*log(x+18)*(3- -0.00710119*log(x+18))-0.016362451016902924" 
2, comb, down, 0, -2.5, 2.5, 100, 140, 0, 1, "0.869238+0.0010687*log(x+19)*log(x+18)*(3- -0.00710119*log(x+18))-0.015055651776492596" 
2, comb, down, 0, -2.5, 2.5, 140, 200, 0, 1, "0.869238+0.0010687*log(x+19)*log(x+18)*(3- -0.00710119*log(x+18))-0.017347291111946106" 
2, comb, down, 0, -2.5, 2.5, 200, 300, 0, 1, "0.869238+0.0010687*log(x+19)*log(x+18)*(3- -0.00710119*log(x+18))-0.094216525554656982" 
2, comb, down, 0, -2.5, 2.5, 300, 600, 0, 1, "0.869238+0.0010687*log(x+19)*log(x+18)*(3- -0.00710119*log(x+18))-0.048776362091302872" 
2, comb, down, 0, -2.5, 2.5, 600, 1000, 0, 1, "0.869238+0.0010687*log(x+19)*log(x+18)*(3- -0.00710119*log(x+18))-0.085420817136764526" 
2, comb, down_correlated, 1, -2.5, 2.5, 100, 140, 0, 1, "0.869238+0.0010687*log(x+19)*log(x+18)*(3- -0.00710119*log(x+18))-0.0181994976282" 
2, comb, down_correlated, 1, -2.5, 2.5, 70, 100, 0, 1, "0.869238+0.0010687*log(x+19)*log(x+18)*(3- -0.00710119*log(x+18))-0.0290182844005" 
2, comb, down_correlated, 1, -2.5, 2.5, 200, 300, 0, 1, "0.869238+0.0010687*log(x+19)*log(x+18)*(3- -0.00710119*log(x+18))-0.310892852623" 
2, comb, down_correlated, 1, -2.5, 2.5, 300, 600, 0, 1, "0.869238+0.0010687*log(x+19)*log(x+18)*(3- -0.00710119*log(x+18))-0.108502488568" 
2, comb, down_correlated, 1, -2.5, 2.5, 140, 200, 0, 1, "0.869238+0.0010687*log(x+19)*log(x+18)*(3- -0.00710119*log(x+18))-0.022524207848" 
2, comb, down_correlated, 1, -2.5, 2.5, 50, 70, 0, 1, "0.869238+0.0010687*log(x+19)*log(x+18)*(3- -0.00710119*log(x+18))-0.0350790927284" 
2, comb, down_correlated, 1, -2.5, 2.5, 20, 30, 0, 1, "0.869238+0.0010687*log(x+19)*log(x+18)*(3- -0.00710119*log(x+18))-0.14535274083" 
2, comb, down_correlated, 1, -2.5, 2.5, 600, 1000, 0, 1, "0.869238+0.0010687*log(x+19)*log(x+18)*(3- -0.00710119*log(x+18))-0.132838519036" 
2, comb, down_correlated, 1, -2.5, 2.5, 30, 50, 0, 1, "0.869238+0.0010687*log(x+19)*log(x+18)*(3- -0.00710119*log(x+18))-0.0402196685687" 
2, comb, down_correlated, 0, -2.5, 2.5, 100, 140, 0, 1, "0.869238+0.0010687*log(x+19)*log(x+18)*(3- -0.00710119*log(x+18))-0.00519985422087" 
2, comb, down_correlated, 0, -2.5, 2.5, 70, 100, 0, 1, "0.869238+0.0010687*log(x+19)*log(x+18)*(3- -0.00710119*log(x+18))-0.00829093861008" 
2, comb, down_correlated, 0, -2.5, 2.5, 200, 300, 0, 1, "0.869238+0.0010687*log(x+19)*log(x+18)*(3- -0.00710119*log(x+18))-0.0888265292341" 
2, comb, down_correlated, 0, -2.5, 2.5, 300, 600, 0, 1, "0.869238+0.0010687*log(x+19)*log(x+18)*(3- -0.00710119*log(x+18))-0.031000709554" 
2, comb, down_correlated, 0, -2.5, 2.5, 140, 200, 0, 1, "0.869238+0.0010687*log(x+19)*log(x+18)*(3- -0.00710119*log(x+18))-0.00643548926898" 
2, comb, down_correlated, 0, -2.5, 2.5, 50, 70, 0, 1, "0.869238+0.0010687*log(x+19)*log(x+18)*(3- -0.00710119*log(x+18))-0.0100225979717" 
2, comb, down_correlated, 0, -2.5, 2.5, 20, 30, 0, 1, "0.869238+0.0010687*log(x+19)*log(x+18)*(3- -0.00710119*log(x+18))-0.0415293564754" 
2, comb, down_correlated, 0, -2.5, 2.5, 600, 1000, 0, 1, "0.869238+0.0010687*log(x+19)*log(x+18)*(3- -0.00710119*log(x+18))-0.0379538807482" 
2, comb, down_correlated, 0, -2.5, 2.5, 30, 50, 0, 1, "0.869238+0.0010687*log(x+19)*log(x+18)*(3- -0.00710119*log(x+18))-0.0114913334176" 
2, comb, down_uncorrelated, 1, -2.5, 2.5, 100, 140, 0, 1, "0.869238+0.0010687*log(x+19)*log(x+18)*(3- -0.00710119*log(x+18))-0.049452182974" 
2, comb, down_uncorrelated, 1, -2.5, 2.5, 70, 100, 0, 1, "0.869238+0.0010687*log(x+19)*log(x+18)*(3- -0.00710119*log(x+18))-0.0493723532013" 
2, comb, down_uncorrelated, 1, -2.5, 2.5, 200, 300, 0, 1, "0.869238+0.0010687*log(x+19)*log(x+18)*(3- -0.00710119*log(x+18))-0.109935739688" 
2, comb, down_uncorrelated, 1, -2.5, 2.5, 300, 600, 0, 1, "0.869238+0.0010687*log(x+19)*log(x+18)*(3- -0.00710119*log(x+18))-0.131801350417" 
2, comb, down_uncorrelated, 1, -2.5, 2.5, 140, 200, 0, 1, "0.869238+0.0010687*log(x+19)*log(x+18)*(3- -0.00710119*log(x+18))-0.0563829255637" 
2, comb, down_uncorrelated, 1, -2.5, 2.5, 50, 70, 0, 1, "0.869238+0.0010687*log(x+19)*log(x+18)*(3- -0.00710119*log(x+18))-0.0376485564902" 
2, comb, down_uncorrelated, 1, -2.5, 2.5, 20, 30, 0, 1, "0.869238+0.0010687*log(x+19)*log(x+18)*(3- -0.00710119*log(x+18))-0.0992350193281" 
2, comb, down_uncorrelated, 1, -2.5, 2.5, 600, 1000, 0, 1, "0.869238+0.0010687*log(x+19)*log(x+18)*(3- -0.00710119*log(x+18))-0.267840792177" 
2, comb, down_uncorrelated, 1, -2.5, 2.5, 30, 50, 0, 1, "0.869238+0.0010687*log(x+19)*log(x+18)*(3- -0.00710119*log(x+18))-0.0356450206913" 
2, comb, down_uncorrelated, 0, -2.5, 2.5, 100, 140, 0, 1, "0.869238+0.0010687*log(x+19)*log(x+18)*(3- -0.00710119*log(x+18))-0.0141291955361" 
2, comb, down_uncorrelated, 0, -2.5, 2.5, 70, 100, 0, 1, "0.869238+0.0010687*log(x+19)*log(x+18)*(3- -0.00710119*log(x+18))-0.0141063865056" 
2, comb, down_uncorrelated, 0, -2.5, 2.5, 200, 300, 0, 1, "0.869238+0.0010687*log(x+19)*log(x+18)*(3- -0.00710119*log(x+18))-0.031410211585" 
2, comb, down_uncorrelated, 0, -2.5, 2.5, 300, 600, 0, 1, "0.869238+0.0010687*log(x+19)*log(x+18)*(3- -0.00710119*log(x+18))-0.0376575292075" 
2, comb, down_uncorrelated, 0, -2.5, 2.5, 140, 200, 0, 1, "0.869238+0.0010687*log(x+19)*log(x+18)*(3- -0.00710119*log(x+18))-0.0161094067796" 
2, comb, down_uncorrelated, 0, -2.5, 2.5, 50, 70, 0, 1, "0.869238+0.0010687*log(x+19)*log(x+18)*(3- -0.00710119*log(x+18))-0.0107567305617" 
2, comb, down_uncorrelated, 0, -2.5, 2.5, 20, 30, 0, 1, "0.869238+0.0010687*log(x+19)*log(x+18)*(3- -0.00710119*log(x+18))-0.0283528626367" 
2, comb, down_uncorrelated, 0, -2.5, 2.5, 600, 1000, 0, 1, "0.869238+0.0010687*log(x+19)*log(x+18)*(3- -0.00710119*log(x+18))-0.0765259363645" 
2, comb, down_uncorrelated, 0, -2.5, 2.5, 30, 50, 0, 1, "0.869238+0.0010687*log(x+19)*log(x+18)*(3- -0.00710119*log(x+18))-0.010184291743" 
2, comb, up, 1, -2.5, 2.5, 20, 30, 0, 1, "0.869238+0.0010687*log(x+19)*log(x+18)*(3- -0.00710119*log(x+18))+0.17599718272686005" 
2, comb, up, 1, -2.5, 2.5, 30, 50, 0, 1, "0.869238+0.0010687*log(x+19)*log(x+18)*(3- -0.00710119*log(x+18))+0.053741876035928726" 
2, comb, up, 1, -2.5, 2.5, 50, 70, 0, 1, "0.869238+0.0010687*log(x+19)*log(x+18)*(3- -0.00710119*log(x+18))+0.051458299160003662" 
2, comb, up, 1, -2.5, 2.5, 70, 100, 0, 1, "0.869238+0.0010687*log(x+19)*log(x+18)*(3- -0.00710119*log(x+18))+0.057268578559160233" 
2, comb, up, 1, -2.5, 2.5, 100, 140, 0, 1, "0.869238+0.0010687*log(x+19)*log(x+18)*(3- -0.00710119*log(x+18))+0.052694782614707947" 
2, comb, up, 1, -2.5, 2.5, 140, 200, 0, 1, "0.869238+0.0010687*log(x+19)*log(x+18)*(3- -0.00710119*log(x+18))+0.060715518891811371" 
2, comb, up, 1, -2.5, 2.5, 200, 300, 0, 1, "0.869238+0.0010687*log(x+19)*log(x+18)*(3- -0.00710119*log(x+18))+0.32975783944129944" 
2, comb, up, 1, -2.5, 2.5, 300, 600, 0, 1, "0.869238+0.0010687*log(x+19)*log(x+18)*(3- -0.00710119*log(x+18))+0.1707172691822052" 
2, comb, up, 1, -2.5, 2.5, 600, 1000, 0, 1, "0.869238+0.0010687*log(x+19)*log(x+18)*(3- -0.00710119*log(x+18))+0.29897284507751465" 
2, comb, up, 0, -2.5, 2.5, 20, 30, 0, 1, "0.869238+0.0010687*log(x+19)*log(x+18)*(3- -0.00710119*log(x+18))+0.050284910947084427" 
2, comb, up, 0, -2.5, 2.5, 30, 50, 0, 1, "0.869238+0.0010687*log(x+19)*log(x+18)*(3- -0.00710119*log(x+18))+0.0153548214584589" 
2, comb, up, 0, -2.5, 2.5, 50, 70, 0, 1, "0.869238+0.0010687*log(x+19)*log(x+18)*(3- -0.00710119*log(x+18))+0.014702371321618557" 
2, comb, up, 0, -2.5, 2.5, 70, 100, 0, 1, "0.869238+0.0010687*log(x+19)*log(x+18)*(3- -0.00710119*log(x+18))+0.016362451016902924" 
2, comb, up, 0, -2.5, 2.5, 100, 140, 0, 1, "0.869238+0.0010687*log(x+19)*log(x+18)*(3- -0.00710119*log(x+18))+0.015055651776492596" 
2, comb, up, 0, -2.5, 2.5, 140, 200, 0, 1, "0.869238+0.0010687*log(x+19)*log(x+18)*(3- -0.00710119*log(x+18))+0.017347291111946106" 
2, comb, up, 0, -2.5, 2.5, 200, 300, 0, 1, "0.869238+0.0010687*log(x+19)*log(x+18)*(3- -0.00710119*log(x+18))+0.094216525554656982" 
2, comb, up, 0, -2.5, 2.5, 300, 600, 0, 1, "0.869238+0.0010687*log(x+19)*log(x+18)*(3- -0.00710119*log(x+18))+0.048776362091302872" 
2, comb, up, 0, -2.5, 2.5, 600, 1000, 0, 1, "0.869238+0.0010687*log(x+19)*log(x+18)*(3- -0.00710119*log(x+18))+0.085420817136764526" 
2, comb, up_correlated, 1, -2.5, 2.5, 100, 140, 0, 1, "0.869238+0.0010687*log(x+19)*log(x+18)*(3- -0.00710119*log(x+18))+0.0181994976282" 
2, comb, up_correlated, 1, -2.5, 2.5, 70, 100, 0, 1, "0.869238+0.0010687*log(x+19)*log(x+18)*(3- -0.00710119*log(x+18))+0.0290182844005" 
2, comb, up_correlated, 1, -2.5, 2.5, 200, 300, 0, 1, "0.869238+0.0010687*log(x+19)*log(x+18)*(3- -0.00710119*log(x+18))+0.310892852623" 
2, comb, up_correlated, 1, -2.5, 2.5, 300, 600, 0, 1, "0.869238+0.0010687*log(x+19)*log(x+18)*(3- -0.00710119*log(x+18))+0.108502488568" 
2, comb, up_correlated, 1, -2.5, 2.5, 140, 200, 0, 1, "0.869238+0.0010687*log(x+19)*log(x+18)*(3- -0.00710119*log(x+18))+0.022524207848" 
2, comb, up_correlated, 1, -2.5, 2.5, 50, 70, 0, 1, "0.869238+0.0010687*log(x+19)*log(x+18)*(3- -0.00710119*log(x+18))+0.0350790927284" 
2, comb, up_correlated, 1, -2.5, 2.5, 20, 30, 0, 1, "0.869238+0.0010687*log(x+19)*log(x+18)*(3- -0.00710119*log(x+18))+0.14535274083" 
2, comb, up_correlated, 1, -2.5, 2.5, 600, 1000, 0, 1, "0.869238+0.0010687*log(x+19)*log(x+18)*(3- -0.00710119*log(x+18))+0.132838519036" 
2, comb, up_correlated, 1, -2.5, 2.5, 30, 50, 0, 1, "0.869238+0.0010687*log(x+19)*log(x+18)*(3- -0.00710119*log(x+18))+0.0402196685687" 
2, comb, up_correlated, 0, -2.5, 2.5, 100, 140, 0, 1, "0.869238+0.0010687*log(x+19)*log(x+18)*(3- -0.00710119*log(x+18))+0.00519985422087" 
2, comb, up_correlated, 0, -2.5, 2.5, 70, 100, 0, 1, "0.869238+0.0010687*log(x+19)*log(x+18)*(3- -0.00710119*log(x+18))+0.00829093861008" 
2, comb, up_correlated, 0, -2.5, 2.5, 200, 300, 0, 1, "0.869238+0.0010687*log(x+19)*log(x+18)*(3- -0.00710119*log(x+18))+0.0888265292341" 
2, comb, up_correlated, 0, -2.5, 2.5, 300, 600, 0, 1, "0.869238+0.0010687*log(x+19)*log(x+18)*(3- -0.00710119*log(x+18))+0.031000709554" 
2, comb, up_correlated, 0, -2.5, 2.5, 140, 200, 0, 1, "0.869238+0.0010687*log(x+19)*log(x+18)*(3- -0.00710119*log(x+18))+0.00643548926898" 
2, comb, up_correlated, 0, -2.5, 2.5, 50, 70, 0, 1, "0.869238+0.0010687*log(x+19)*log(x+18)*(3- -0.00710119*log(x+18))+0.0100225979717" 
2, comb, up_correlated, 0, -2.5, 2.5, 20, 30, 0, 1, "0.869238+0.0010687*log(x+19)*log(x+18)*(3- -0.00710119*log(x+18))+0.0415293564754" 
2, comb, up_correlated, 0, -2.5, 2.5, 600, 1000, 0, 1, "0.869238+0.0010687*log(x+19)*log(x+18)*(3- -0.00710119*log(x+18))+0.0379538807482" 
2, comb, up_correlated, 0, -2.5, 2.5, 30, 50, 0, 1, "0.869238+0.0010687*log(x+19)*log(x+18)*(3- -0.00710119*log(x+18))+0.0114913334176" 
2, comb, up_uncorrelated, 1, -2.5, 2.5, 100, 140, 0, 1, "0.869238+0.0010687*log(x+19)*log(x+18)*(3- -0.00710119*log(x+18))+0.049452182974" 
2, comb, up_uncorrelated, 1, -2.5, 2.5, 70, 100, 0, 1, "0.869238+0.0010687*log(x+19)*log(x+18)*(3- -0.00710119*log(x+18))+0.0493723532013" 
2, comb, up_uncorrelated, 1, -2.5, 2.5, 200, 300, 0, 1, "0.869238+0.0010687*log(x+19)*log(x+18)*(3- -0.00710119*log(x+18))+0.109935739688" 
2, comb, up_uncorrelated, 1, -2.5, 2.5, 300, 600, 0, 1, "0.869238+0.0010687*log(x+19)*log(x+18)*(3- -0.00710119*log(x+18))+0.131801350417" 
2, comb, up_uncorrelated, 1, -2.5, 2.5, 140, 200, 0, 1, "0.869238+0.0010687*log(x+19)*log(x+18)*(3- -0.00710119*log(x+18))+0.0563829255637" 
2, comb, up_uncorrelated, 1, -2.5, 2.5, 50, 70, 0, 1, "0.869238+0.0010687*log(x+19)*log(x+18)*(3- -0.00710119*log(x+18))+0.0376485564902" 
2, comb, up_uncorrelated, 1, -2.5, 2.5, 20, 30, 0, 1, "0.869238+0.0010687*log(x+19)*log(x+18)*(3- -0.00710119*log(x+18))+0.0992350193281" 
2, comb, up_uncorrelated, 1, -2.5, 2.5, 600, 1000, 0, 1, "0.869238+0.0010687*log(x+19)*log(x+18)*(3- -0.00710119*log(x+18))+0.267840792177" 
2, comb, up_uncorrelated, 1, -2.5, 2.5, 30, 50, 0, 1, "0.869238+0.0010687*log(x+19)*log(x+18)*(3- -0.00710119*log(x+18))+0.0356450206913" 
2, comb, up_uncorrelated, 0, -2.5, 2.5, 100, 140, 0, 1, "0.869238+0.0010687*log(x+19)*log(x+18)*(3- -0.00710119*log(x+18))+0.0141291955361" 
2, comb, up_uncorrelated, 0, -2.5, 2.5, 70, 100, 0, 1, "0.869238+0.0010687*log(x+19)*log(x+18)*(3- -0.00710119*log(x+18))+0.0141063865056" 
2, comb, up_uncorrelated, 0, -2.5, 2.5, 200, 300, 0, 1, "0.869238+0.0010687*log(x+19)*log(x+18)*(3- -0.00710119*log(x+18))+0.031410211585" 
2, comb, up_uncorrelated, 0, -2.5, 2.5, 300, 600, 0, 1, "0.869238+0.0010687*log(x+19)*log(x+18)*(3- -0.00710119*log(x+18))+0.0376575292075" 
2, comb, up_uncorrelated, 0, -2.5, 2.5, 140, 200, 0, 1, "0.869238+0.0010687*log(x+19)*log(x+18)*(3- -0.00710119*log(x+18))+0.0161094067796" 
2, comb, up_uncorrelated, 0, -2.5, 2.5, 50, 70, 0, 1, "0.869238+0.0010687*log(x+19)*log(x+18)*(3- -0.00710119*log(x+18))+0.0107567305617" 
2, comb, up_uncorrelated, 0, -2.5, 2.5, 20, 30, 0, 1, "0.869238+0.0010687*log(x+19)*log(x+18)*(3- -0.00710119*log(x+18))+0.0283528626367" 
2, comb, up_uncorrelated, 0, -2.5, 2.5, 600, 1000, 0, 1, "0.869238+0.0010687*log(x+19)*log(x+18)*(3- -0.00710119*log(x+18))+0.0765259363645" 
2, comb, up_uncorrelated, 0, -2.5, 2.5, 30, 50, 0, 1, "0.869238+0.0010687*log(x+19)*log(x+18)*(3- -0.00710119*log(x+18))+0.010184291743" 
2, mujets, central, 1, -2.5, 2.5, 20, 1000, 0, 1, "1.28462+-0.0149198*log(x+19)*log(x+18)*(3-0.392618*log(x+18))" 
2, mujets, central, 0, -2.5, 2.5, 20, 1000, 0, 1, "1.28462+-0.0149198*log(x+19)*log(x+18)*(3-0.392618*log(x+18))" 
2, mujets, down, 1, -2.5, 2.5, 20, 30, 0, 1, "1.28462+-0.0149198*log(x+19)*log(x+18)*(3-0.392618*log(x+18))-0.19393008947372437" 
2, mujets, down, 1, -2.5, 2.5, 30, 50, 0, 1, "1.28462+-0.0149198*log(x+19)*log(x+18)*(3-0.392618*log(x+18))-0.070126675069332123" 
2, mujets, down, 1, -2.5, 2.5, 50, 70, 0, 1, "1.28462+-0.0149198*log(x+19)*log(x+18)*(3-0.392618*log(x+18))-0.069403722882270813" 
2, mujets, down, 1, -2.5, 2.5, 70, 100, 0, 1, "1.28462+-0.0149198*log(x+19)*log(x+18)*(3-0.392618*log(x+18))-0.12119471281766891" 
2, mujets, down, 1, -2.5, 2.5, 100, 140, 0, 1, "1.28462+-0.0149198*log(x+19)*log(x+18)*(3-0.392618*log(x+18))-0.1781342625617981" 
2, mujets, down, 1, -2.5, 2.5, 140, 200, 0, 1, "1.28462+-0.0149198*log(x+19)*log(x+18)*(3-0.392618*log(x+18))-0.16804291307926178" 
2, mujets, down, 1, -2.5, 2.5, 200, 300, 0, 1, "1.28462+-0.0149198*log(x+19)*log(x+18)*(3-0.392618*log(x+18))-0.40154805779457092" 
2, mujets, down, 1, -2.5, 2.5, 300, 600, 0, 1, "1.28462+-0.0149198*log(x+19)*log(x+18)*(3-0.392618*log(x+18))-0.17030704021453857" 
2, mujets, down, 1, -2.5, 2.5, 600, 1000, 0, 1, "1.28462+-0.0149198*log(x+19)*log(x+18)*(3-0.392618*log(x+18))-0.30661749839782715" 
2, mujets, down, 0, -2.5, 2.5, 20, 30, 0, 1, "1.28462+-0.0149198*log(x+19)*log(x+18)*(3-0.392618*log(x+18))-0.055408596992492676" 
2, mujets, down, 0, -2.5, 2.5, 30, 50, 0, 1, "1.28462+-0.0149198*log(x+19)*log(x+18)*(3-0.392618*log(x+18))-0.020036192610859871" 
2, mujets, down, 0, -2.5, 2.5, 50, 70, 0, 1, "1.28462+-0.0149198*log(x+19)*log(x+18)*(3-0.392618*log(x+18))-0.019829634577035904" 
2, mujets, down, 0, -2.5, 2.5, 70, 100, 0, 1, "1.28462+-0.0149198*log(x+19)*log(x+18)*(3-0.392618*log(x+18))-0.03462706133723259" 
2, mujets, down, 0, -2.5, 2.5, 100, 140, 0, 1, "1.28462+-0.0149198*log(x+19)*log(x+18)*(3-0.392618*log(x+18))-0.050895504653453827" 
2, mujets, down, 0, -2.5, 2.5, 140, 200, 0, 1, "1.28462+-0.0149198*log(x+19)*log(x+18)*(3-0.392618*log(x+18))-0.048012260347604752" 
2, mujets, down, 0, -2.5, 2.5, 200, 300, 0, 1, "1.28462+-0.0149198*log(x+19)*log(x+18)*(3-0.392618*log(x+18))-0.11472801864147186" 
2, mujets, down, 0, -2.5, 2.5, 300, 600, 0, 1, "1.28462+-0.0149198*log(x+19)*log(x+18)*(3-0.392618*log(x+18))-0.048659153282642365" 
2, mujets, down, 0, -2.5, 2.5, 600, 1000, 0, 1, "1.28462+-0.0149198*log(x+19)*log(x+18)*(3-0.392618*log(x+18))-0.087604999542236328" 
2, mujets, down_correlated, 1, -2.5, 2.5, 100, 140, 0, 1, "1.28462+-0.0149198*log(x+19)*log(x+18)*(3-0.392618*log(x+18))-0.145404333554" 
2, mujets, down_correlated, 1, -2.5, 2.5, 70, 100, 0, 1, "1.28462+-0.0149198*log(x+19)*log(x+18)*(3-0.392618*log(x+18))-0.111008974913" 
2, mujets, down_correlated, 1, -2.5, 2.5, 200, 300, 0, 1, "1.28462+-0.0149198*log(x+19)*log(x+18)*(3-0.392618*log(x+18))-0.367423320675" 
2, mujets, down_correlated, 1, -2.5, 2.5, 300, 600, 0, 1, "1.28462+-0.0149198*log(x+19)*log(x+18)*(3-0.392618*log(x+18))-0.102059783826" 
2, mujets, down_correlated, 1, -2.5, 2.5, 140, 200, 0, 1, "1.28462+-0.0149198*log(x+19)*log(x+18)*(3-0.392618*log(x+18))-0.136458199805" 
2, mujets, down_correlated, 1, -2.5, 2.5, 50, 70, 0, 1, "1.28462+-0.0149198*log(x+19)*log(x+18)*(3-0.392618*log(x+18))-0.0587011342968" 
2, mujets, down_correlated, 1, -2.5, 2.5, 20, 30, 0, 1, "1.28462+-0.0149198*log(x+19)*log(x+18)*(3-0.392618*log(x+18))-0.157434839116" 
2, mujets, down_correlated, 1, -2.5, 2.5, 600, 1000, 0, 1, "1.28462+-0.0149198*log(x+19)*log(x+18)*(3-0.392618*log(x+18))-0.136402242346" 
2, mujets, down_correlated, 1, -2.5, 2.5, 30, 50, 0, 1, "1.28462+-0.0149198*log(x+19)*log(x+18)*(3-0.392618*log(x+18))-0.0635130905975" 
2, mujets, down_correlated, 0, -2.5, 2.5, 100, 140, 0, 1, "1.28462+-0.0149198*log(x+19)*log(x+18)*(3-0.392618*log(x+18))-0.0415440958305" 
2, mujets, down_correlated, 0, -2.5, 2.5, 70, 100, 0, 1, "1.28462+-0.0149198*log(x+19)*log(x+18)*(3-0.392618*log(x+18))-0.0317168506263" 
2, mujets, down_correlated, 0, -2.5, 2.5, 200, 300, 0, 1, "1.28462+-0.0149198*log(x+19)*log(x+18)*(3-0.392618*log(x+18))-0.104978093472" 
2, mujets, down_correlated, 0, -2.5, 2.5, 300, 600, 0, 1, "1.28462+-0.0149198*log(x+19)*log(x+18)*(3-0.392618*log(x+18))-0.0291599357442" 
2, mujets, down_correlated, 0, -2.5, 2.5, 140, 200, 0, 1, "1.28462+-0.0149198*log(x+19)*log(x+18)*(3-0.392618*log(x+18))-0.0389880569919" 
2, mujets, down_correlated, 0, -2.5, 2.5, 50, 70, 0, 1, "1.28462+-0.0149198*log(x+19)*log(x+18)*(3-0.392618*log(x+18))-0.0167717521612" 
2, mujets, down_correlated, 0, -2.5, 2.5, 20, 30, 0, 1, "1.28462+-0.0149198*log(x+19)*log(x+18)*(3-0.392618*log(x+18))-0.0449813827867" 
2, mujets, down_correlated, 0, -2.5, 2.5, 600, 1000, 0, 1, "1.28462+-0.0149198*log(x+19)*log(x+18)*(3-0.392618*log(x+18))-0.0389720756678" 
2, mujets, down_correlated, 0, -2.5, 2.5, 30, 50, 0, 1, "1.28462+-0.0149198*log(x+19)*log(x+18)*(3-0.392618*log(x+18))-0.0181465969275" 
2, mujets, down_uncorrelated, 1, -2.5, 2.5, 100, 140, 0, 1, "1.28462+-0.0149198*log(x+19)*log(x+18)*(3-0.392618*log(x+18))-0.10290478746" 
2, mujets, down_uncorrelated, 1, -2.5, 2.5, 70, 100, 0, 1, "1.28462+-0.0149198*log(x+19)*log(x+18)*(3-0.392618*log(x+18))-0.0486329713635" 
2, mujets, down_uncorrelated, 1, -2.5, 2.5, 200, 300, 0, 1, "1.28462+-0.0149198*log(x+19)*log(x+18)*(3-0.392618*log(x+18))-0.16199057424" 
2, mujets, down_uncorrelated, 1, -2.5, 2.5, 300, 600, 0, 1, "1.28462+-0.0149198*log(x+19)*log(x+18)*(3-0.392618*log(x+18))-0.136338873664" 
2, mujets, down_uncorrelated, 1, -2.5, 2.5, 140, 200, 0, 1, "1.28462+-0.0149198*log(x+19)*log(x+18)*(3-0.392618*log(x+18))-0.0980692629832" 
2, mujets, down_uncorrelated, 1, -2.5, 2.5, 50, 70, 0, 1, "1.28462+-0.0149198*log(x+19)*log(x+18)*(3-0.392618*log(x+18))-0.0370277407114" 
2, mujets, down_uncorrelated, 1, -2.5, 2.5, 20, 30, 0, 1, "1.28462+-0.0149198*log(x+19)*log(x+18)*(3-0.392618*log(x+18))-0.113239352859" 
2, mujets, down_uncorrelated, 1, -2.5, 2.5, 600, 1000, 0, 1, "1.28462+-0.0149198*log(x+19)*log(x+18)*(3-0.392618*log(x+18))-0.274606479542" 
2, mujets, down_uncorrelated, 1, -2.5, 2.5, 30, 50, 0, 1, "1.28462+-0.0149198*log(x+19)*log(x+18)*(3-0.392618*log(x+18))-0.0297294110106" 
2, mujets, down_uncorrelated, 0, -2.5, 2.5, 100, 140, 0, 1, "1.28462+-0.0149198*log(x+19)*log(x+18)*(3-0.392618*log(x+18))-0.0294013689402" 
2, mujets, down_uncorrelated, 0, -2.5, 2.5, 70, 100, 0, 1, "1.28462+-0.0149198*log(x+19)*log(x+18)*(3-0.392618*log(x+18))-0.0138951345154" 
2, mujets, down_uncorrelated, 0, -2.5, 2.5, 200, 300, 0, 1, "1.28462+-0.0149198*log(x+19)*log(x+18)*(3-0.392618*log(x+18))-0.0462830222905" 
2, mujets, down_uncorrelated, 0, -2.5, 2.5, 300, 600, 0, 1, "1.28462+-0.0149198*log(x+19)*log(x+18)*(3-0.392618*log(x+18))-0.0389539644398" 
2, mujets, down_uncorrelated, 0, -2.5, 2.5, 140, 200, 0, 1, "1.28462+-0.0149198*log(x+19)*log(x+18)*(3-0.392618*log(x+18))-0.0280197886444" 
2, mujets, down_uncorrelated, 0, -2.5, 2.5, 50, 70, 0, 1, "1.28462+-0.0149198*log(x+19)*log(x+18)*(3-0.392618*log(x+18))-0.0105793542762" 
2, mujets, down_uncorrelated, 0, -2.5, 2.5, 20, 30, 0, 1, "1.28462+-0.0149198*log(x+19)*log(x+18)*(3-0.392618*log(x+18))-0.0323541005635" 
2, mujets, down_uncorrelated, 0, -2.5, 2.5, 600, 1000, 0, 1, "1.28462+-0.0149198*log(x+19)*log(x+18)*(3-0.392618*log(x+18))-0.0784589909631" 
2, mujets, down_uncorrelated, 0, -2.5, 2.5, 30, 50, 0, 1, "1.28462+-0.0149198*log(x+19)*log(x+18)*(3-0.392618*log(x+18))-0.00849411762861" 
2, mujets, up, 1, -2.5, 2.5, 20, 30, 0, 1, "1.28462+-0.0149198*log(x+19)*log(x+18)*(3-0.392618*log(x+18))+0.19393008947372437" 
2, mujets, up, 1, -2.5, 2.5, 30, 50, 0, 1, "1.28462+-0.0149198*log(x+19)*log(x+18)*(3-0.392618*log(x+18))+0.070126675069332123" 
2, mujets, up, 1, -2.5, 2.5, 50, 70, 0, 1, "1.28462+-0.0149198*log(x+19)*log(x+18)*(3-0.392618*log(x+18))+0.069403722882270813" 
2, mujets, up, 1, -2.5, 2.5, 70, 100, 0, 1, "1.28462+-0.0149198*log(x+19)*log(x+18)*(3-0.392618*log(x+18))+0.12119471281766891" 
2, mujets, up, 1, -2.5, 2.5, 100, 140, 0, 1, "1.28462+-0.0149198*log(x+19)*log(x+18)*(3-0.392618*log(x+18))+0.1781342625617981" 
2, mujets, up, 1, -2.5, 2.5, 140, 200, 0, 1, "1.28462+-0.0149198*log(x+19)*log(x+18)*(3-0.392618*log(x+18))+0.16804291307926178" 
2, mujets, up, 1, -2.5, 2.5, 200, 300, 0, 1, "1.28462+-0.0149198*log(x+19)*log(x+18)*(3-0.392618*log(x+18))+0.40154805779457092" 
2, mujets, up, 1, -2.5, 2.5, 300, 600, 0, 1, "1.28462+-0.0149198*log(x+19)*log(x+18)*(3-0.392618*log(x+18))+0.17030704021453857" 
2, mujets, up, 1, -2.5, 2.5, 600, 1000, 0, 1, "1.28462+-0.0149198*log(x+19)*log(x+18)*(3-0.392618*log(x+18))+0.30661749839782715" 
2, mujets, up, 0, -2.5, 2.5, 20, 30, 0, 1, "1.28462+-0.0149198*log(x+19)*log(x+18)*(3-0.392618*log(x+18))+0.055408596992492676" 
2, mujets, up, 0, -2.5, 2.5, 30, 50, 0, 1, "1.28462+-0.0149198*log(x+19)*log(x+18)*(3-0.392618*log(x+18))+0.020036192610859871" 
2, mujets, up, 0, -2.5, 2.5, 50, 70, 0, 1, "1.28462+-0.0149198*log(x+19)*log(x+18)*(3-0.392618*log(x+18))+0.019829634577035904" 
2, mujets, up, 0, -2.5, 2.5, 70, 100, 0, 1, "1.28462+-0.0149198*log(x+19)*log(x+18)*(3-0.392618*log(x+18))+0.03462706133723259" 
2, mujets, up, 0, -2.5, 2.5, 100, 140, 0, 1, "1.28462+-0.0149198*log(x+19)*log(x+18)*(3-0.392618*log(x+18))+0.050895504653453827" 
2, mujets, up, 0, -2.5, 2.5, 140, 200, 0, 1, "1.28462+-0.0149198*log(x+19)*log(x+18)*(3-0.392618*log(x+18))+0.048012260347604752" 
2, mujets, up, 0, -2.5, 2.5, 200, 300, 0, 1, "1.28462+-0.0149198*log(x+19)*log(x+18)*(3-0.392618*log(x+18))+0.11472801864147186" 
2, mujets, up, 0, -2.5, 2.5, 300, 600, 0, 1, "1.28462+-0.0149198*log(x+19)*log(x+18)*(3-0.392618*log(x+18))+0.048659153282642365" 
2, mujets, up, 0, -2.5, 2.5, 600, 1000, 0, 1, "1.28462+-0.0149198*log(x+19)*log(x+18)*(3-0.392618*log(x+18))+0.087604999542236328" 
2, mujets, up_correlated, 1, -2.5, 2.5, 100, 140, 0, 1, "1.28462+-0.0149198*log(x+19)*log(x+18)*(3-0.392618*log(x+18))+0.145404333554" 
2, mujets, up_correlated, 1, -2.5, 2.5, 70, 100, 0, 1, "1.28462+-0.0149198*log(x+19)*log(x+18)*(3-0.392618*log(x+18))+0.111008974913" 
2, mujets, up_correlated, 1, -2.5, 2.5, 200, 300, 0, 1, "1.28462+-0.0149198*log(x+19)*log(x+18)*(3-0.392618*log(x+18))+0.367423320675" 
2, mujets, up_correlated, 1, -2.5, 2.5, 300, 600, 0, 1, "1.28462+-0.0149198*log(x+19)*log(x+18)*(3-0.392618*log(x+18))+0.102059783826" 
2, mujets, up_correlated, 1, -2.5, 2.5, 140, 200, 0, 1, "1.28462+-0.0149198*log(x+19)*log(x+18)*(3-0.392618*log(x+18))+0.136458199805" 
2, mujets, up_correlated, 1, -2.5, 2.5, 50, 70, 0, 1, "1.28462+-0.0149198*log(x+19)*log(x+18)*(3-0.392618*log(x+18))+0.0587011342968" 
2, mujets, up_correlated, 1, -2.5, 2.5, 20, 30, 0, 1, "1.28462+-0.0149198*log(x+19)*log(x+18)*(3-0.392618*log(x+18))+0.157434839116" 
2, mujets, up_correlated, 1, -2.5, 2.5, 600, 1000, 0, 1, "1.28462+-0.0149198*log(x+19)*log(x+18)*(3-0.392618*log(x+18))+0.136402242346" 
2, mujets, up_correlated, 1, -2.5, 2.5, 30, 50, 0, 1, "1.28462+-0.0149198*log(x+19)*log(x+18)*(3-0.392618*log(x+18))+0.0635130905975" 
2, mujets, up_correlated, 0, -2.5, 2.5, 100, 140, 0, 1, "1.28462+-0.0149198*log(x+19)*log(x+18)*(3-0.392618*log(x+18))+0.0415440958305" 
2, mujets, up_correlated, 0, -2.5, 2.5, 70, 100, 0, 1, "1.28462+-0.0149198*log(x+19)*log(x+18)*(3-0.392618*log(x+18))+0.0317168506263" 
2, mujets, up_correlated, 0, -2.5, 2.5, 200, 300, 0, 1, "1.28462+-0.0149198*log(x+19)*log(x+18)*(3-0.392618*log(x+18))+0.104978093472" 
2, mujets, up_correlated, 0, -2.5, 2.5, 300, 600, 0, 1, "1.28462+-0.0149198*log(x+19)*log(x+18)*(3-0.392618*log(x+18))+0.0291599357442" 
2, mujets, up_correlated, 0, -2.5, 2.5, 140, 200, 0, 1, "1.28462+-0.0149198*log(x+19)*log(x+18)*(3-0.392618*log(x+18))+0.0389880569919" 
2, mujets, up_correlated, 0, -2.5, 2.5, 50, 70, 0, 1, "1.28462+-0.0149198*log(x+19)*log(x+18)*(3-0.392618*log(x+18))+0.0167717521612" 
2, mujets, up_correlated, 0, -2.5, 2.5, 20, 30, 0, 1, "1.28462+-0.0149198*log(x+19)*log(x+18)*(3-0.392618*log(x+18))+0.0449813827867" 
2, mujets, up_correlated, 0, -2.5, 2.5, 600, 1000, 0, 1, "1.28462+-0.0149198*log(x+19)*log(x+18)*(3-0.392618*log(x+18))+0.0389720756678" 
2, mujets, up_correlated, 0, -2.5, 2.5, 30, 50, 0, 1, "1.28462+-0.0149198*log(x+19)*log(x+18)*(3-0.392618*log(x+18))+0.0181465969275" 
2, mujets, up_uncorrelated, 1, -2.5, 2.5, 100, 140, 0, 1, "1.28462+-0.0149198*log(x+19)*log(x+18)*(3-0.392618*log(x+18))+0.10290478746" 
2, mujets, up_uncorrelated, 1, -2.5, 2.5, 70, 100, 0, 1, "1.28462+-0.0149198*log(x+19)*log(x+18)*(3-0.392618*log(x+18))+0.0486329713635" 
2, mujets, up_uncorrelated, 1, -2.5, 2.5, 200, 300, 0, 1, "1.28462+-0.0149198*log(x+19)*log(x+18)*(3-0.392618*log(x+18))+0.16199057424" 
2, mujets, up_uncorrelated, 1, -2.5, 2.5, 300, 600, 0, 1, "1.28462+-0.0149198*log(x+19)*log(x+18)*(3-0.392618*log(x+18))+0.136338873664" 
2, mujets, up_uncorrelated, 1, -2.5, 2.5, 140, 200, 0, 1, "1.28462+-0.0149198*log(x+19)*log(x+18)*(3-0.392618*log(x+18))+0.0980692629832" 
2, mujets, up_uncorrelated, 1, -2.5, 2.5, 50, 70, 0, 1, "1.28462+-0.0149198*log(x+19)*log(x+18)*(3-0.392618*log(x+18))+0.0370277407114" 
2, mujets, up_uncorrelated, 1, -2.5, 2.5, 20, 30, 0, 1, "1.28462+-0.0149198*log(x+19)*log(x+18)*(3-0.392618*log(x+18))+0.113239352859" 
2, mujets, up_uncorrelated, 1, -2.5, 2.5, 600, 1000, 0, 1, "1.28462+-0.0149198*log(x+19)*log(x+18)*(3-0.392618*log(x+18))+0.274606479542" 
2, mujets, up_uncorrelated, 1, -2.5, 2.5, 30, 50, 0, 1, "1.28462+-0.0149198*log(x+19)*log(x+18)*(3-0.392618*log(x+18))+0.0297294110106" 
2, mujets, up_uncorrelated, 0, -2.5, 2.5, 100, 140, 0, 1, "1.28462+-0.0149198*log(x+19)*log(x+18)*(3-0.392618*log(x+18))+0.0294013689402" 
2, mujets, up_uncorrelated, 0, -2.5, 2.5, 70, 100, 0, 1, "1.28462+-0.0149198*log(x+19)*log(x+18)*(3-0.392618*log(x+18))+0.0138951345154" 
2, mujets, up_uncorrelated, 0, -2.5, 2.5, 200, 300, 0, 1, "1.28462+-0.0149198*log(x+19)*log(x+18)*(3-0.392618*log(x+18))+0.0462830222905" 
2, mujets, up_uncorrelated, 0, -2.5, 2.5, 300, 600, 0, 1, "1.28462+-0.0149198*log(x+19)*log(x+18)*(3-0.392618*log(x+18))+0.0389539644398" 
2, mujets, up_uncorrelated, 0, -2.5, 2.5, 140, 200, 0, 1, "1.28462+-0.0149198*log(x+19)*log(x+18)*(3-0.392618*log(x+18))+0.0280197886444" 
2, mujets, up_uncorrelated, 0, -2.5, 2.5, 50, 70, 0, 1, "1.28462+-0.0149198*log(x+19)*log(x+18)*(3-0.392618*log(x+18))+0.0105793542762" 
2, mujets, up_uncorrelated, 0, -2.5, 2.5, 20, 30, 0, 1, "1.28462+-0.0149198*log(x+19)*log(x+18)*(3-0.392618*log(x+18))+0.0323541005635" 
2, mujets, up_uncorrelated, 0, -2.5, 2.5, 600, 1000, 0, 1, "1.28462+-0.0149198*log(x+19)*log(x+18)*(3-0.392618*log(x+18))+0.0784589909631" 
2, mujets, up_uncorrelated, 0, -2.5, 2.5, 30, 50, 0, 1, "1.28462+-0.0149198*log(x+19)*log(x+18)*(3-0.392618*log(x+18))+0.00849411762861" 
